"id","name","price","originalprice","discountPercentage","detail","platform","category","scrapedate","seller","productmasterid","fixed_category","fixed_detail","brand"
"10000305","Bango Kecap Manis 275mL","23.900","23.900","0","275mL","Indomaret","kecap","2024-01-28","Toko Indomaret",76.0,"FOOD","250-499ml","BANGO"

"10000451","Close Up Pasta Gigi Gel Green Menthol Fresh 65g","8.200","8.200","0","65g","Indomaret","tooth-paste--treatment","2024-01-28","Toko Indomaret",135.0,"ORAL HYGIENE","OTHERS","CLOSE"

"10003359","Wipol Pembersih Lantai Classic Pine 750Ml","33.700","33.700","0","750Ml","Indomaret","pembersih-lantai-dan-toilet","2024-01-28","Toko Indomaret",204.0,"PEMBERSIH PERALATAN","749-999ml","WIPOL"

"10003569","Close Up Pasta Gigi Gel Green Ever Fresh 160G","21.700","21.700","0","160G","Indomaret","tooth-paste--treatment","2024-01-28","Toko Indomaret",135.0,"ORAL HYGIENE","OTHERS","CLOSE"

"10004032","Vixal Pembersih Porselin Green 750mL","19.300","19.300","0","750mL","Indomaret","pembersih-lantai-dan-toilet","2024-01-28","Toko Indomaret",201.0,"PEMBERSIH PERALATAN","749-999ml","VIXAL"

"10004034","Vixal Pembersih Keramik Pors Biru 750mL","19.300","19.300","0","750mL","Indomaret","pembersih-lantai-dan-toilet","2024-01-28","Toko Indomaret",201.0,"PEMBERSIH PERALATAN","749-999ml","VIXAL"

"10004048","Pepsodent Pencegah Gigi Berlubang Pasta Gigi 75G","6.000","6.000","0","75G","Indomaret","tooth-paste--treatment","2024-01-28","Toko Indomaret",136.0,"ORAL HYGIENE","OTHERS","PEPSODENT"

"10004714","Pepsodent Pencegah Gigi Berlubang Pasta Gigi 120G","10.800","10.800","0","120G","Indomaret","tooth-paste--treatment","2024-01-28","Toko Indomaret",136.0,"ORAL HYGIENE","OTHERS","PEPSODENT"

"10005038","Wall's Ice Cream Populaire Chocolate-Vanila 90Ml","5.200","5.200","0","90Ml","Indomaret","es-krim","2024-01-28","Toko Indomaret",99.0,"FOOD","1-99ml","WALL'S"

"10005039","Wall's Ice Cream Populaire Strawbery-Vanila 90Ml","5.200","5.200","0","90Ml","Indomaret","es-krim","2024-01-28","Toko Indomaret",99.0,"FOOD","1-99ml","WALL'S"

"10005073","Blue Band Margarine Serbaguna 200G","10.200","10.200","0","200G","Indomaret","mentega--margarin","2024-01-28","Toko Indomaret",140.0,"OTHERS","OTHERS","BLUE"

"10005482","Sunlight Pencuci Piring Jeruk Nipis 650mL","14.900","14.900","0","650mL","Indomaret","sabun-cuci-piring","2024-01-28","Toko Indomaret",43.0,"BODY WASH","500-749ml","SUNLIGHT"

"10005820","Royco Bumbu Kaldu Ayam 100G","5.900","5.900","0","100G","Indomaret","garam-bumbu","2024-01-28","Toko Indomaret",93.0,"FOOD","OTHERS","ROYCO"

"10005821","Royco Bumbu Kaldu Daging Sapi 94G","5.900","5.900","0","94G","Indomaret","garam-bumbu","2024-01-28","Toko Indomaret",93.0,"FOOD","OTHERS","ROYCO"

"10007970","Buavita Jus Buah Jambu 245mL","8.700","8.700","0","245mL","Indomaret","jus","2024-01-28","Toko Indomaret",81.0,"FOOD","100-249ml","BUAVITA"

"10007971","Buavita Orange 250Ml","8.700","8.700","0","250Ml","Indomaret","jus","2024-01-28","Toko Indomaret",83.0,"FOOD","250-499ml","BUAVITA"

"10007972","Buavita Juice Slim Apple 245mL","8.700","8.700","0","245mL","Indomaret","jus","2024-01-28","Toko Indomaret",81.0,"FOOD","100-249ml","BUAVITA"

"10007973","Buavita Jus Buah Asli Mangga 245mL","8.700","8.700","0","245mL","Indomaret","jus","2024-01-28","Toko Indomaret",81.0,"FOOD","100-249ml","BUAVITA"

"10007974","Buavita Juice Slim Lychee 245mL","8.700","8.700","0","245mL","Indomaret","jus","2024-01-28","Toko Indomaret",81.0,"FOOD","100-249ml","BUAVITA"

"10008819","Bango Kecap Manis 520mL","26.500","26.500","0","520mL","Indomaret","kecap","2024-01-28","Toko Indomaret",77.0,"FOOD","500-749ml","BANGO"

"10010220","Sariwangi Teh Celup Asli 50X1.9G","13.300","13.300","0","50X1.9G","Indomaret","teh-celup","2024-01-28","Toko Indomaret",97.0,"FOOD","OTHERS","SARIWANGI"

"10010480","Super Pell Pembersih Lantai Refill Fresh Apple 770Ml","16.700","16.700","0","770Ml","Indomaret","pembersih-lantai-dan-toilet","2024-01-28","Toko Indomaret",197.0,"PEMBERSIH PERALATAN","749-999ml","SUPER"

"10014260","Super Pell Pembersih Lantai Refill Lemon Ginger 770Ml","16.700","16.700","0","770Ml","Indomaret","pembersih-lantai-dan-toilet","2024-01-28","Toko Indomaret",197.0,"PEMBERSIH PERALATAN","749-999ml","SUPER"

"10014263","Wipol Karbol Wangi Cemara 750Ml","21.200","21.200","0","750Ml","Indomaret","pembersih-lantai-dan-toilet","2024-01-28","Toko Indomaret",204.0,"PEMBERSIH PERALATAN","749-999ml","WIPOL"

"10017154","Bango Kecap Manis Refill 210mL","12.500","12.500","0","210mL","Indomaret","kecap","2024-01-28","Toko Indomaret",75.0,"FOOD","100-249ml","BANGO"

"10020784","Bango Kecap Manis 135mL","10.900","10.900","0","135mL","Indomaret","kecap","2024-01-28","Toko Indomaret",75.0,"FOOD","100-249ml","BANGO"

"10025410","Pepsodent Pasta Gigi Whitening 75G","11.100","11.100","0","75G","Indomaret","tooth-paste--treatment","2024-01-28","Toko Indomaret",136.0,"ORAL HYGIENE","OTHERS","PEPSODENT"

"10025411","Pepsodent Pasta Gigi Action 123 + Whitening 190g","26.200","26.200","0","190g","Indomaret","tooth-paste--treatment","2024-01-28","Toko Indomaret",136.0,"ORAL HYGIENE","OTHERS","PEPSODENT"

"10026612","Pepsodent Sikat Gigi Double Care Sensitive Single","17.500","17.500","0","Single","Indomaret","tooth-brush","2024-01-28","Toko Indomaret",136.0,"ORAL HYGIENE","OTHERS","PEPSODENT"

"10027167","Dove Deodorant Roll On Complete Care Original 40mL","26.900","26.900","0","40mL","Indomaret","deodorant-stick","2024-01-28","Toko Indomaret",15.0,"BODY WASH","1-99ml","DOVE"

"10031396","Royco Sup Krim Ayam 58G","9.100","9.100","0","58G","Indomaret","sup-instan","2024-01-28","Toko Indomaret",93.0,"FOOD","OTHERS","ROYCO"

"10033236","Zwitsal Baby Sabun Mandi Cair Natural H&B Aloe Vera 200mL","24.900","24.900","0","200mL","Indomaret","perlengkapan-bayi","2024-01-28","Toko Indomaret",5.0,"BABY CARE","100-249ml","ZWITSAL"

"10037208","Close Up Pasta Gigi Deep Action Menthol Fresh 110g","16.900","16.900","0","110g","Indomaret","tooth-paste--treatment","2024-01-28","Toko Indomaret",135.0,"ORAL HYGIENE","OTHERS","CLOSE"

"10037632","Wall's Ice Cream Feast Chocolate 65Ml","6.200","6.200","0","65Ml","Indomaret","es-krim","2024-01-28","Toko Indomaret",99.0,"FOOD","1-99ml","WALL'S"

"10037640","Wall's Ice Cream Feast Vanilla 65Ml","6.200","6.200","0","65Ml","Indomaret","es-krim","2024-01-28","Toko Indomaret",99.0,"FOOD","1-99ml","WALL'S"

"10037787","Zwitsal Baby Cologne Canola Oil Floral Kisses 100mL","26.500","26.500","0","100mL","Indomaret","baby-cologne-oil-lotion-cream","2024-01-28","Toko Indomaret",5.0,"BABY CARE","100-249ml","ZWITSAL"

"10654502131","Buy 2 Sunsilk Black Shine 900 ml Refill Pouch FREE Sunsilk 300 ML","162.000","277.800","42","ML","Tokopedia","Shampoo","2024-01-28","Unilever Official Store",108.0,"HAIR PRODUCT","OTHERS","BUY"

"10654502290","Buy 2 Sunsilk Black Shine 900ML FREE Ponds Rose Micellar Water 100ML","162.000","277.800","42","100ML","Tokopedia","Micellar Water","2024-01-28","Unilever Official Store",142.0,"OTHERS","100-249ml","BUY"

"10654502312","Buy 2 Sunsilk Black Shine 900ml FREE Sunsilk Rambut Rontok 300 ML","162.000","277.800","42","ML","Tokopedia","Shampoo","2024-01-28","Unilever Official Store",108.0,"HAIR PRODUCT","OTHERS","BUY"

"10654502446","Buy 2 Close Up Korea Everfresh Spearmint free Kim Mingue Totebag","55.800","83.800","33","Totebag","Tokopedia","Pasta Gigi","2024-01-28","Unilever Official Store",133.0,"ORAL HYGIENE","OTHERS","BUY"

"10654502617","Buy 2 Close Up Korea Everfresh Eucalyptus free Kim Mingue Totebag","55.800","83.800","33","Totebag","Tokopedia","Pasta Gigi","2024-01-28","Unilever Official Store",133.0,"ORAL HYGIENE","OTHERS","BUY"

"10703987744","Zwitsal Baby Bath Aloe Vera 450Ml Twinpack FREE Baby Diaper Cream 50gr","59.800","117.800","49","50gr","Tokopedia","Shampoo & Sabun Bayi","2024-01-28","Unilever Official Store",4.0,"BABY CARE","1-99gr","ZWITSAL"

"10703993283","Zwitsal Eau De Toilette 100Ml Twinpack FREE Baby Diaper Cream 50gr","58.600","105.800","45","50gr","Tokopedia","Parfum & Cologne Anak-Anak","2024-01-28","Unilever Official Store",53.0,"BODY WASH","1-99gr","ZWITSAL"

"10704018069","Zwitsal Baby Face & Body Care Cream 50g Isi 2 FREE Baby Diaper Cream","81.800","81.800","0","Cream","Tokopedia","Cream & Lotion Bayi","2024-01-28","Unilever Official Store",8.0,"BABY CARE","OTHERS","ZWITSAL"

"10709473875","Lifebuoy Shampoo Kuat & Berkilau 430ml","41.100","66.900","39","430ml","Tokopedia","Shampoo","2024-01-28","Unilever Official Store",121.0,"HAIR PRODUCT","250-499ml","LIFEBUOY"

"10756864254","LBP Rice Oil&Angelica Body Wash 380ml Isi 2 FREE LBP Conditioner 400ml","156.800","233.800","33","400ml","Tokopedia","Sabun Mandi","2024-01-28","Unilever Official Store",21.0,"BODY WASH","250-499ml","LBP"

"10756864355","LBP Rice Oil Body Serum 185ml Isi 2 FREE LBP Conditioner 380ml","167.300","249.800","33","380ml","Tokopedia","Sabun Mandi","2024-01-28","Unilever Official Store",21.0,"BODY WASH","250-499ml","LBP"

"10756864558","LBP Body Mist Rose & Coconut 100ML Twinpack FREE LBP Body Mist 100ml","159.700","239.800","33","100ml","Tokopedia","Body Lotion","2024-01-28","Unilever Official Store",20.0,"BODY WASH","100-249ml","LBP"

"10756864814","Vaselineâ€‹ Gluta Flawless Bright + Overnight 200Ml FREE Lip Care 10g","96.700","175.800","45","10g","Tokopedia","Body Lotion","2024-01-28","Unilever Official Store",52.0,"BODY WASH","OTHERS","VASELINEâ€‹"

"10756865287","LBP Rice Oil&Angelica Body Serum 185ml FREE LBP Conditioner 380ml","83.700","124.900","33","380ml","Tokopedia","Sabun Mandi","2024-01-28","Unilever Official Store",21.0,"BODY WASH","250-499ml","LBP"

"10756865375","LBP Rice Oil&Sakura Glow Serum 185ml Isi 2 FREE LBP Body Mist 100ml","167.300","249.800","33","100ml","Tokopedia","Sabun Mandi","2024-01-28","Unilever Official Store",20.0,"BODY WASH","100-249ml","LBP"

"10756865417","LBP Rice Oil&Sakura Glow Body Serum 185ml FREE LBP Body Mist 100ml","83.700","124.900","33","100ml","Tokopedia","Serum Wajah","2024-01-28","Unilever Official Store",65.0,"FACIAL TREATMENT","100-249ml","LBP"

"10756865716","Ponds Sun Serum SPF35 FREE Ponds Power Serum 7,5gr","27.800","41.900","34","7.5gr","Tokopedia","Krim Wajah","2024-01-28","Unilever Official Store",68.0,"FACIAL TREATMENT","1-99gr","PONDS"

"10756865810","LBP Body Mist Rose & Coconut 100ML FREE LBP Body MIst Lavender 100ml","79.900","119.900","33","100ml","Tokopedia","Face Mist","2024-01-28","Unilever Official Store",65.0,"FACIAL TREATMENT","100-249ml","LBP"

"10756866012","LBP Soft & Nourish Shampoo 380ml FREE LBP Body MIst Lavender 100ml","94.400","140.900","33","100ml","Tokopedia","Sabun Mandi","2024-01-28","Unilever Official Store",20.0,"BODY WASH","100-249ml","LBP"

"10756866263","Ponds Age Miracle Youthful Glow 30Ml FREE Ponds Age Miracle Cleanser","229.900","346.900","34","Cleanser","Tokopedia","Cleanser Wajah","2024-01-28","Unilever Official Store",70.0,"FACIAL TREATMENT","OTHERS","PONDS"

"10756866363","Ponds Sun Serum SPF35 Twinpack FREE Ponds Power Serum 7,5gr","55.500","83.800","34","7.5gr","Tokopedia","Krim Wajah","2024-01-28","Unilever Official Store",68.0,"FACIAL TREATMENT","1-99gr","PONDS"

"10756866432","Ponds Age Miracle Ultimate Youth Essence 30G FREE Ponds Age Cleanser","211.500","319.900","34","Cleanser","Tokopedia","Krim Wajah","2024-01-28","Unilever Official Store",70.0,"FACIAL TREATMENT","OTHERS","PONDS"

"10756866569","Ponds Vitamin Micellar Water Rose 235Ml Isi 2 FREE Sun Serum SPF35","101.200","153.800","34","SPF35","Tokopedia","Micellar Water","2024-01-28","Unilever Official Store",162.0,"OTHERS","OTHERS","PONDS"

"10871396320","Sariwangi Teh Mawar Twinpack FREE Oatside Barista Blend 200ml","11.200","17.800","37","200ml","Tokopedia","Teh","2024-01-28","Unilever Official Store",96.0,"FOOD","100-249ml","SARIWANGI"

"10952540184","Buy 1 Rinso Matic Capsule Sakura + Buy 1 Rinso Matic Capsule Lavender","80.900","135.800","40","Lavender","Tokopedia","Deterjen Laundry","2024-01-28","Unilever Official Store",144.0,"OTHERS","OTHERS","BUY"

"10952551406","Buy 2 Rinso Matic Capsule Sakura + Buy 2 Rinso Matic Capsule Lavender","161.800","271.600","40","Lavender","Tokopedia","Deterjen Laundry","2024-01-28","Unilever Official Store",144.0,"OTHERS","OTHERS","BUY"

"10952564322","Buy 3 Rinso Matic Capsule Sakura + Buy 3 Rinso Matic Capsule Lavender","242.600","407.400","40","Lavender","Tokopedia","Deterjen Laundry","2024-01-28","Unilever Official Store",144.0,"OTHERS","OTHERS","BUY"

"10986409879","[KESEMPATAN MENANG] Mystery Box Rinso Capsule Sakura FREE Dyson","80.900","291.600","72","Dyson","Tokopedia","Teh","2024-01-28","Unilever Official Store",106.0,"FOOD","OTHERS","[KESEMPATAN"

"11064226906","[KESEMPATAN MENANG] Mystery Box Rinso Lavender Fresh Free Oven","121.300","213.700","43","Oven","Tokopedia","Teh","2024-01-28","Unilever Official Store",106.0,"FOOD","OTHERS","[KESEMPATAN"

"11216811964","Lux Bright Bluebell Niacinamide Body Wash Pump 580ml","73.800","107.900","32","580ml","Tokopedia","Sabun Mandi","2024-01-28","Unilever Official Store",33.0,"BODY WASH","500-749ml","LUX"

"11216821016","Clear Shampoo Anti Ketomber Complete Soft Care 70ml","12.500","20.900","40","70ml","Tokopedia","Shampoo","2024-01-28","Unilever Official Store",109.0,"HAIR PRODUCT","1-99ml","CLEAR"

"11216834950","Rexona Men Deodorant Anti-Perspirant Roll On Activ-Bright 45Ml","23.600","34.900","32","45Ml","Tokopedia","Deodorant","2024-01-28","Unilever Official Store",39.0,"BODY WASH","1-99ml","REXONA"

"11216843716","Rexona Men Deodorant Anti-Perspirant Adventure Roll On 45Ml","19.300","28.900","33","45Ml","Tokopedia","Deodorant","2024-01-28","Unilever Official Store",39.0,"BODY WASH","1-99ml","REXONA"

"11216856795","Rexona Men Anti-Perspirant Roll On Natural Fresh Lime Cool 45ml","23.600","34.900","32","45ml","Tokopedia","Deodorant","2024-01-28","Unilever Official Store",39.0,"BODY WASH","1-99ml","REXONA"

"11216870008","Rexona Men Anti-Perspirant Roll On Natural Fresh Charcoal Fresh 45Ml","23.600","34.900","32","45Ml","Tokopedia","Deodorant","2024-01-28","Unilever Official Store",39.0,"BODY WASH","1-99ml","REXONA"

"11216878837","Rexona Men Anti-Perspirant Deodorant Roll On Sport Defence 45Ml","16.000","28.900","45","45Ml","Tokopedia","Deodorant","2024-01-28","Unilever Official Store",39.0,"BODY WASH","1-99ml","REXONA"

"11392958837","DOVE BW GF REVIVE KR REFF 400ML FREE","10.000.000","10.000.000","0","FREE","Tokopedia","Sabun Mandi","2024-01-28","Unilever Official Store",19.0,"BODY WASH","OTHERS","DOVE"

"11456068700","[Mystery Box] Sunlight Extra Lembut 650ml Twinpack FREE Midea Oven","25.200","42.850","41","Oven","Tokopedia","Sabun Cuci Piring","2024-01-28","Unilever Official Store",60.0,"BODY WASH","OTHERS","[MYSTERY"

"11506623947","Buy 3 Lifebuoy Lemon Fresh 825ml FREE Lifebuoy Cool Fresh 400ml","107.800","191.700","44","400ml","Tokopedia","Sabun Mandi","2024-01-28","Unilever Official Store",11.0,"BODY WASH","250-499ml","BUY"

"11601400544","Bango Less Sugar 520ml + Royco Ayam 220gr FREE Fiber CrÃ¨me 100 gr","31.800","54.800","42","gr","Tokopedia","Kaldu & Penyedap Rasa","2024-01-28","Unilever Official Store",138.0,"OTHERS","OTHERS","BANGO"

"11677195397","Love Beauty & Planet Body MistLavender 100ML FREE LBP VolumeConditione","79.900","119.900","33","VolumeConditione","Tokopedia","Body Lotion","2024-01-28","Unilever Official Store",31.0,"BODY WASH","OTHERS","LOVE"

"11677202319","Love Beauty & Planet Soft & Nourish Conditioner 380ml FREE LBP Volume","94.400","140.900","33","Volume","Tokopedia","Conditioner","2024-01-28","Unilever Official Store",123.0,"HAIR PRODUCT","OTHERS","LOVE"

"11677659798","St. Ives Fresh Skin Apricot Face Scrub - 90 Gr","39.900","58.900","32","Gr","Tokopedia","Scrub Wajah","2024-01-28","Unilever Official Store",72.0,"FACIAL TREATMENT","OTHERS","ST."

"11677680193","Pears Pure & Gentle Body Wash With Lemon Flower Extract 500Ml","88.000","122.900","28","500Ml","Tokopedia","Sabun Mandi","2024-01-28","Unilever Official Store",36.0,"BODY WASH","500-749ml","PEARS"

"11694184166","Citra Natural Booster Body Serum Insta Glow 180 ML FREE Scrunchie","25.000","37.900","34","Scrunchie","Tokopedia","Body Lotion","2024-01-28","Unilever Official Store",14.0,"BODY WASH","OTHERS","CITRA"

"11694191828","Citra Natural Booster Body Serum Complete Glow 180 ML FREE Scrunchie","25.000","37.900","34","Scrunchie","Tokopedia","Body Lotion","2024-01-28","Unilever Official Store",14.0,"BODY WASH","OTHERS","CITRA"

"11694207526","Citra Natural Booster Body Serum SPF 20 PA++ 180 ML FREE Scrunchie","25.000","37.900","34","Scrunchie","Tokopedia","Body Lotion","2024-01-28","Unilever Official Store",14.0,"BODY WASH","OTHERS","CITRA"

"11697366558","[Mystery Box] Buy 2 Bango Less Sugar 520ml GET LuluLemon Yoga Mat","52.200","84.850","38","Mat","Tokopedia","Kecap","2024-01-28","Unilever Official Store",107.0,"FOOD","OTHERS","[MYSTERY"

"11701270530","Zwitsal Baby Bath 2In1 Hair Body Aloe Vera 450Ml isi 3","89.700","176.700","49","3","Tokopedia","Shampoo & Sabun Bayi","2024-01-28","Unilever Official Store",8.0,"BABY CARE","OTHERS","ZWITSAL"

"11701270676","Zwitsal Baby Natural Set Spa Gift Box Kado Bayi 1Pc isi 3","352.700","584.700","40","3","Tokopedia","Shampoo & Sabun Bayi","2024-01-28","Unilever Official Store",8.0,"BABY CARE","OTHERS","ZWITSAL"

"11701271083","Vaseline Healthy Bright Vitamin Body Serum Soft Glow 180Ml isi 3","86.700","158.700","45","3","Tokopedia","Body Lotion","2024-01-28","Unilever Official Store",49.0,"BODY WASH","OTHERS","VASELINE"

"11701271641","Zwitsal Baby Bath Hair and Body 450ml Twinpack isi 3","134.900","248.700","46","3","Tokopedia","Shampoo & Sabun Bayi","2024-01-28","Unilever Official Store",8.0,"BABY CARE","OTHERS","ZWITSAL"

"11701271838","Sunsilk Shampo Rambut Lembut Activ-Infusion with Argan Oil 400ml isi 3","147.400","218.700","33","3","Tokopedia","Shampoo","2024-01-28","Unilever Official Store",129.0,"HAIR PRODUCT","OTHERS","SUNSILK"

"11730310670","IKEA Lunchbox","10.000.000","10.000.000","0","Lunchbox","Tokopedia","Lunch Box Set","2024-01-28","Unilever Official Store",156.0,"OTHERS","OTHERS","IKEA"

"11798857475","Buy 3 AXE Dark Temptation 135ml FREE AXE Apollo 135ml","108.100","164.700","34","135ml","Tokopedia","Parfum & Cologne Pria","2024-01-28","Unilever Official Store",10.0,"BODY WASH","100-249ml","BUY"

"11798857534","Buy 3 Rexona Dry Serum Free Vaseline Soft Glow 100ml","70.000","104.700","33","100ml","Tokopedia","Body Lotion","2024-01-28","Unilever Official Store",10.0,"BODY WASH","100-249ml","BUY"

"11798857685","2 Molto Perfume Beads Luxury Perfume 200G FREE Molto Anti Kusut 100ml","92.100","139.800","34","100ml","Tokopedia","Pewangi Pelembut Pakaian","2024-01-28","Unilever Official Store",183.0,"PEMBERSIH PERALATAN","100-249ml","2"

"11798857696","Buy 2 Molto Pure Pewangi Pakaian Bayi 1.6L FREE Molto Anti Kusut 100ml","108.300","163.800","34","100ml","Tokopedia","Pewangi Pelembut Pakaian","2024-01-28","Unilever Official Store",184.0,"PEMBERSIH PERALATAN","100-249ml","BUY"

"11798857811","2 Molto Perfume Beads Fresh Blossom 200G FREE Molto Anti Kusut 100ml","92.100","139.800","34","100ml","Tokopedia","Pewangi Pelembut Pakaian","2024-01-28","Unilever Official Store",183.0,"PEMBERSIH PERALATAN","100-249ml","2"

"11798857864","Pepsodent Nanosoft Sensitive Isi 3 + Pepsodent SME Relief&Protect 100g","54.600","93.800","42","100g","Tokopedia","Sikat Gigi","2024-01-28","Unilever Official Store",136.0,"ORAL HYGIENE","OTHERS","PEPSODENT"

"11806763245","MOLTO ANTI KUSUT SPRAY PURPLE 100ML FREE","10.000.000","10.000.000","0","FREE","Tokopedia","Hampers","2024-01-28","Unilever Official Store",159.0,"OTHERS","OTHERS","MOLTO"

"11806763256","Premium Dishwashing Bottle","10.000.000","10.000.000","0","Bottle","Tokopedia","Hampers","2024-01-28","Unilever Official Store",163.0,"OTHERS","OTHERS","PREMIUM"

"11806763368","WIPOL UP SEREH&JERUK PCH NEW 190ML FREE","10.000.000","10.000.000","0","FREE","Tokopedia","Hampers","2024-01-28","Unilever Official Store",181.0,"OTHERS","OTHERS","WIPOL"

"11806763462","Pepsodent TB Nanosoft Sensitive Isi 3 FREE","10.000.000","10.000.000","0","FREE","Tokopedia","Hampers","2024-01-28","Unilever Official Store",161.0,"OTHERS","OTHERS","PEPSODENT"

"11816143262","Buy 2 Sariwangi Green Tea Free 1 Sariwangi Green Tea","20.400","31.800","36","Tea","Tokopedia","Teh","2024-01-28","Unilever Official Store",86.0,"FOOD","OTHERS","BUY"

"11816189783","Sunsilk Shampo Anti Ketombe Rambut Sehat dan Kuat Anti Dandruff 400ml","45.000","65.900","32","400ml","Tokopedia","Shampoo","2024-01-28","Unilever Official Store",127.0,"HAIR PRODUCT","250-499ml","SUNSILK"

"11816197555","Sunsilk Shampo Anti Ketombe Rambut Sehat dan Kuat Anti Dandruff 320ml","45.600","66.900","32","320ml","Tokopedia","Shampoo","2024-01-28","Unilever Official Store",127.0,"HAIR PRODUCT","250-499ml","SUNSILK"

"11816205298","Sunsilk Shampo Anti Ketombe Rambut Sehat dan Kuat Anti Dandruff 650ml","75.000","109.900","32","650ml","Tokopedia","Shampoo","2024-01-28","Unilever Official Store",128.0,"HAIR PRODUCT","500-749ml","SUNSILK"

"11816217606","Citra Natural Booster Body Serum Insta Glow 180 ML","25.800","37.900","32","ML","Tokopedia","Body Lotion","2024-01-28","Unilever Official Store",14.0,"BODY WASH","OTHERS","CITRA"

"11816224385","Citra Natural Booster Body Serum Complete Glow 180 ML","25.800","37.900","32","ML","Tokopedia","Body Lotion","2024-01-28","Unilever Official Store",14.0,"BODY WASH","OTHERS","CITRA"

"11816231219","Citra Natural Booster Body Serum Protect Glow SPF 20 PA++ 180 ML","25.800","37.900","32","ML","Tokopedia","Body Lotion","2024-01-28","Unilever Official Store",14.0,"BODY WASH","OTHERS","CITRA"

"11861852517","Royco Bumbu Penyedap Makanan Rasa Kaldu Sapi 220G Free Minyak 1L","56.600","107.900","48","1L","Tokopedia","Kaldu & Penyedap Rasa","2024-01-28","Unilever Official Store",171.0,"OTHERS","1L+","ROYCO"

"11890471600","Buy 2 Sunlight Extra Lembut 625ml FREE Sunlight Gentle Premium Bottle","25.200","41.800","40","Bottle","Tokopedia","Sabun Cuci Piring","2024-01-28","Unilever Official Store",12.0,"BODY WASH","OTHERS","BUY"

"11947762153","Buy 2 Ponds Bright Beauty Cream Moisturizer 40g Get UV Protect Sunseru","105.300","201.050","48","Sunseru","Tokopedia","Krim Wajah","2024-01-28","Unilever Official Store",61.0,"FACIAL TREATMENT","OTHERS","BUY"

"11947820546","Buy PONDS UV PROTECT SUNSERUM SPF50+ 30gr Free PONDS ROSE MICELLAR WAT","50.900","86.900","41","WAT","Tokopedia","Sunblock wajah","2024-01-28","Unilever Official Store",61.0,"FACIAL TREATMENT","OTHERS","BUY"

"11947913759","Buy 2 Vaseline Hand Body Lotion Healthy White UV Lightening 400ml Get","100.200","167.800","40","Get","Tokopedia","Body Lotion","2024-01-28","Unilever Official Store",12.0,"BODY WASH","OTHERS","BUY"

"11975541550","Buy 2 Zwitsal Baby Bath Hair Body Aloe Vera 450ml FREE Baby Cream 50g","59.800","137.655","57","50g","Tokopedia","Shampoo & Sabun Bayi","2024-01-28","Unilever Official Store",1.0,"BABY CARE","OTHERS","BUY"

"11975541563","Rinso Kapsul Sakura Blossom & Rinso Rose Fresh 1.65L FREE Bantal Mini","123.400","205.700","40","Mini","Tokopedia","Deterjen Laundry","2024-01-28","Unilever Official Store",169.0,"OTHERS","OTHERS","RINSO"

"12095149152","Buy Ponds UV Protect Sun Serum SPF35 30G Free Ponds Bright Serum 7.5G","27.800","61.400","55","7.5G","Tokopedia","Serum Wajah","2024-01-28","Unilever Official Store",61.0,"FACIAL TREATMENT","OTHERS","BUY"

"12124859978","Buy 1 Dove Deeply Nourish 825ml + 2 Dove Ultimate Repair FREE Tweezers","87.100","155.700","44","Tweezers","Tokopedia","Sabun Mandi","2024-01-28","Unilever Official Store",12.0,"BODY WASH","OTHERS","BUY"

"12128500320","[NOT FOR SALE] Gift Molto Pure 135ml","100.000","100.000","0","135ml","Tokopedia","Pewangi Pelembut Pakaian","2024-01-28","Unilever Official Store",206.0,"PEMBERSIH PERALATAN","100-249ml","[NOT"

"12128925755","Sariwangi Teh Celup Asli Isi 25","6.000","8.900","33","25","Tokopedia","Teh","2024-01-28","Unilever Official Store",97.0,"FOOD","OTHERS","SARIWANGI"

"12129139446","Rinso Kapsul Sakura Bloom 168gr isi 2 FREE Ecentio Set Alat Makan","79.800","161.800","51","Makan","Tokopedia","Deterjen Laundry","2024-01-28","Unilever Official Store",169.0,"OTHERS","OTHERS","RINSO"

"12129146167","Rinso Kapsul Lavender Fresh 168gr isi 2 FREE TATARUMA Roller Bulu","79.800","147.300","46","Bulu","Tokopedia","Deterjen Laundry","2024-01-28","Unilever Official Store",169.0,"OTHERS","OTHERS","RINSO"

"12129151243","Rinso Kapsul Sakura Bloom 168gr isi 3 FREE Minisoo Handuk Kecil","119.700","230.700","48","Kecil","Tokopedia","Deterjen Laundry","2024-01-28","Unilever Official Store",167.0,"OTHERS","1L+","RINSO"

"12129175319","Rinso Kapsul Sakura Bloom 168gr isi 6 FREE Mug Ikea","239.400","477.400","50","Ikea","Tokopedia","Deterjen Laundry","2024-01-28","Unilever Official Store",169.0,"OTHERS","OTHERS","RINSO"

"12168773914","FREE Minyak Goreng Sania 1L","10.000.000","10.000.000","0","1L","Tokopedia","Minyak","2024-01-28","Unilever Official Store",152.0,"OTHERS","1L+","FREE"

"12169222888","Rinso Capsule Sakura 168g & Zwitsal Bath Hair Body Aloe 450ml Get 4Lux","69.800","207.600","66","4Lux","Tokopedia","Shampoo & Sabun Bayi","2024-01-28","Unilever Official Store",2.0,"BABY CARE","OTHERS","RINSO"

"12169226281","Sunlight Extra Lembut 650ml & Zwitsal Bath Hair Body 450ml Get 3Lux","42.600","125.250","66","3Lux","Tokopedia","Sabun Cuci Piring","2024-01-28","Unilever Official Store",45.0,"BODY WASH","OTHERS","SUNLIGHT"

"12169230527","Zwitsal Baby Bath Hair & Body Package FREE Care Cream 50Gr","82.900","172.555","52","50Gr","Tokopedia","Shampoo & Sabun Bayi","2024-01-28","Unilever Official Store",4.0,"BABY CARE","1-99gr","ZWITSAL"

"12179477057","FREE Clear Shampoo Anti Ketombe & Rontok Xtra 20% 11ml","10.000.000","10.000.000","0","11ml","Tokopedia","Shampoo","2024-01-28","Unilever Official Store",117.0,"HAIR PRODUCT","1-99ml","FREE"

"12194488000","Buavita Mini Juice Apel 125ml Twin Pack","8.800","13.800","36","Pack","Tokopedia","Jus","2024-01-28","Unilever Official Store",85.0,"FOOD","OTHERS","BUAVITA"

"12194488013","Buavita Mini Juice Jambu 125ml Isi 4","17.600","27.600","36","4","Tokopedia","Jus","2024-01-28","Unilever Official Store",85.0,"FOOD","OTHERS","BUAVITA"

"12194488016","Sunlight Sabun Cuci Piring Higienis 650ml Isi 4","51.800","83.600","38","4","Tokopedia","Sabun Cuci Piring","2024-01-28","Unilever Official Store",45.0,"BODY WASH","OTHERS","SUNLIGHT"

"12194488701","Rinso Detergent Kapsul Lavender Fresh 168g & Perfume Beads FREE Vixal","80.500","137.800","42","Vixal","Tokopedia","Deterjen Laundry","2024-01-28","Unilever Official Store",167.0,"OTHERS","1L+","RINSO"

"12194489069","Rinso Molto Deterjen Bubuk Rose Fresh 770G Isi 6","145.500","233.400","38","6","Tokopedia","Deterjen Laundry","2024-01-28","Unilever Official Store",169.0,"OTHERS","OTHERS","RINSO"

"12194489086","Wipol Sabun Pembersih Lantai Karbol Cemara 750ml Isi 6","105.900","161.400","34","6","Tokopedia","Karbol","2024-01-28","Unilever Official Store",181.0,"OTHERS","OTHERS","WIPOL"

"12194489346","Rinso Molto Deterjen Bubuk Korean Strawberry Powder 700g Isi 6","104.600","167.400","38","6","Tokopedia","Deterjen Laundry","2024-01-28","Unilever Official Store",169.0,"OTHERS","OTHERS","RINSO"

"12194489638","Sariwangi Teh Mawar Celup 25pc Isi 6","34.100","53.400","36","6","Tokopedia","Teh","2024-01-28","Unilever Official Store",97.0,"FOOD","OTHERS","SARIWANGI"

"12194489940","Molto Pelembut & Pewangi Pakaian Pure 1600ml Isi 6","330.500","491.400","33","6","Tokopedia","Pewangi Pelembut Pakaian","2024-01-28","Unilever Official Store",190.0,"PEMBERSIH PERALATAN","OTHERS","MOLTO"

"12194490083","Sarimurni Teh Celup Asli 20pc Isi 6","28.500","47.400","40","6","Tokopedia","Teh","2024-01-28","Unilever Official Store",95.0,"FOOD","OTHERS","SARIMURNI"

"12194490428","Vixal Pembersih Pembersih Lantai Karbol Cemara 750ml Isi 6","97.300","149.400","35","6","Tokopedia","Karbol","2024-01-28","Unilever Official Store",180.0,"OTHERS","OTHERS","VIXAL"

"12194491076","Sariwangi Teh Celup Melati 25pc Isi 6","50.300","77.400","35","6","Tokopedia","Teh","2024-01-28","Unilever Official Store",97.0,"FOOD","OTHERS","SARIWANGI"

"12194491079","Sunlight Sabun Cuci Piring Korean Strawberry 560ml Isi 6","77.000","125.400","39","6","Tokopedia","Sabun Cuci Piring","2024-01-28","Unilever Official Store",45.0,"BODY WASH","OTHERS","SUNLIGHT"

"12194491424","Lifebuoy Sabun Cuci Piring Refill 680ml Isi 4","36.000","59.600","40","4","Tokopedia","Sabun Cuci Piring","2024-01-28","Unilever Official Store",28.0,"BODY WASH","OTHERS","LIFEBUOY"

"12194491760","Rinso Molto Deterjen Bubuk Perfume Essence 1.8Kg Isi 4","208.900","335.600","38","4","Tokopedia","Deterjen Laundry","2024-01-28","Unilever Official Store",169.0,"OTHERS","OTHERS","RINSO"

"12194492253","Rinso Molto Detergent Deterjen Cair Rose Fresh 1.65L Isi 4","174.000","279.600","38","4","Tokopedia","Deterjen Laundry","2024-01-28","Unilever Official Store",169.0,"OTHERS","OTHERS","RINSO"

"12194492755","Buavita Mini Juice Jeruk 125ml Twin Pack","8.800","13.800","36","Pack","Tokopedia","Jus","2024-01-28","Unilever Official Store",85.0,"FOOD","OTHERS","BUAVITA"

"12194492775","Vixal Pembersih Pembersih Kamar Mandi Kuat Harum 780ml Isi 6","97.300","149.400","35","6","Tokopedia","Pembersih Toilet","2024-01-28","Unilever Official Store",202.0,"PEMBERSIH PERALATAN","OTHERS","VIXAL"

"12194493096","Rinso Molto Deterjen Cair Korean Strawberry Liquid 565ml Isi 6","75.700","125.400","40","6","Tokopedia","Deterjen Laundry","2024-01-28","Unilever Official Store",169.0,"OTHERS","OTHERS","RINSO"

"12194493109","Rinso Molto Perfume Essence Liquid 1.65L Isi 4","174.000","279.600","38","4","Tokopedia","Deterjen Laundry","2024-01-28","Unilever Official Store",169.0,"OTHERS","OTHERS","RINSO"

"12194493161","Wipol Pembersih Lantai Karbol Cemara Refill 410Ml Isi 6","55.200","83.400","34","6","Tokopedia","Karbol","2024-01-28","Unilever Official Store",181.0,"OTHERS","OTHERS","WIPOL"

"12194493472","Lifebuoy Sabun Cuci Piring Refill 1500ml Isi 4","73.600","119.600","38","4","Tokopedia","Sabun Cuci Piring","2024-01-28","Unilever Official Store",28.0,"BODY WASH","OTHERS","LIFEBUOY"

"12194493770","Molto Pelembut dan Pewangi Parfum Boost Japanese Peach 650ml Isi 6","123.000","197.400","38","6","Tokopedia","Pewangi Pelembut Pakaian","2024-01-28","Unilever Official Store",190.0,"PEMBERSIH PERALATAN","OTHERS","MOLTO"

"12194494309","Molto Softener Pelembut & Pewangi Pakaian Pure 720ml Isi 4","108.300","163.600","34","4","Tokopedia","Pewangi Pelembut Pakaian","2024-01-28","Unilever Official Store",190.0,"PEMBERSIH PERALATAN","OTHERS","MOLTO"

"12194494939","Superpell Pembersih Lantai Korean Strawberry 770ml Isi 6","83.700","125.400","33","6","Tokopedia","Pembersih Toilet","2024-01-28","Unilever Official Store",198.0,"PEMBERSIH PERALATAN","OTHERS","SUPERPELL"

"12194495324","BANGO LESS SUGAR 520ML KECAP RENDAH GULA Isi 4","90.000","159.600","44","4","Tokopedia","Kecap","2024-01-28","Unilever Official Store",78.0,"FOOD","OTHERS","BANGO"

"12194495378","Sariwangi Teh Celup Hijau Isi 25 Isi 4","41.600","63.600","35","4","Tokopedia","Teh","2024-01-28","Unilever Official Store",97.0,"FOOD","OTHERS","SARIWANGI"

"12194495610","Royco Bumbu Kaldu Sapi 100G Isi 4","19.400","31.600","39","4","Tokopedia","Kaldu & Penyedap Rasa","2024-01-28","Unilever Official Store",173.0,"OTHERS","OTHERS","ROYCO"

"12194495882","Rinso Molto Deterjen Bubuk Perfume Essence 770G Isi 6","140.456","233.400","40","6","Tokopedia","Deterjen Laundry","2024-01-28","Unilever Official Store",169.0,"OTHERS","OTHERS","RINSO"

"12194495973","Molto Pelembut & Pewangi Parfum Boost Casablanca Lily 650ml Isi 6","119.400","197.400","40","6","Tokopedia","Pewangi Pelembut Pakaian","2024-01-28","Unilever Official Store",190.0,"PEMBERSIH PERALATAN","OTHERS","MOLTO"

"12194496019","Royco Bumbu Komplit Krim Jagung 50G Isi 4","35.200","55.600","37","4","Tokopedia","Kaldu & Penyedap Rasa","2024-01-28","Unilever Official Store",173.0,"OTHERS","OTHERS","ROYCO"

"12194496145","Molto Perfume Boost Pelembut & Pewangi Korean Strawberry 680ml Isi 6","131.700","197.400","33","6","Tokopedia","Pewangi Pelembut Pakaian","2024-01-28","Unilever Official Store",190.0,"PEMBERSIH PERALATAN","OTHERS","MOLTO"

"12194498399","Lifebuoy Sabun Cuci Piring Refill 680ml Isi 6","53.900","89.400","40","6","Tokopedia","Sabun Cuci Piring","2024-01-28","Unilever Official Store",28.0,"BODY WASH","OTHERS","LIFEBUOY"

"12194500955","Rinso Molto Perfume Essence Liquid 1.65L Isi 6","260.900","419.400","38","6","Tokopedia","Deterjen Laundry","2024-01-28","Unilever Official Store",169.0,"OTHERS","OTHERS","RINSO"

"12194503512","Paket Higienis Rinso Kapsul Sakura Blossom 168g FREE Lunch Box","74.400","131.700","44","Box","Tokopedia","Deterjen Laundry","2024-01-28","Unilever Official Store",160.0,"OTHERS","OTHERS","PAKET"

"12194503569","Paket Higienis Rinso Kapsul Lavender Fresh 168g FREE Lunch Box","74.400","131.700","44","Box","Tokopedia","Deterjen Laundry","2024-01-28","Unilever Official Store",160.0,"OTHERS","OTHERS","PAKET"

"12194503925","Lifebuoy Sabun Cuci Piring Refill 1500ml Isi 6","110.300","179.400","39","6","Tokopedia","Sabun Cuci Piring","2024-01-28","Unilever Official Store",28.0,"BODY WASH","OTHERS","LIFEBUOY"

"12194503967","Rinso Matic Cair Bukaan Depan 1.45L & Kapsul Lavender 168g FREE Molto","102.500","168.800","39","Molto","Tokopedia","Deterjen Laundry","2024-01-28","Unilever Official Store",169.0,"OTHERS","OTHERS","RINSO"

"12194504416","BANGO LESS SUGAR 520ML KECAP RENDAH GULA Isi 6","135.000","239.400","44","6","Tokopedia","Kecap","2024-01-28","Unilever Official Store",78.0,"FOOD","OTHERS","BANGO"

"12194504450","Rinso Matic Cair Bukaan Depan 1.45L & Kapsul Sakura 168g FREE Molto","102.500","168.800","39","Molto","Tokopedia","Deterjen Laundry","2024-01-28","Unilever Official Store",169.0,"OTHERS","OTHERS","RINSO"

"12194504988","Sariwangi Teh Celup Hijau Isi 25 Isi 6","62.300","95.400","35","6","Tokopedia","Teh","2024-01-28","Unilever Official Store",97.0,"FOOD","OTHERS","SARIWANGI"

"12194505116","Royco Bumbu Kaldu Sapi 100G Isi 6","29.100","47.400","39","6","Tokopedia","Kaldu & Penyedap Rasa","2024-01-28","Unilever Official Store",173.0,"OTHERS","OTHERS","ROYCO"

"12194505646","Royco Bumbu Komplit Krim Jagung 50G Isi 6","52.800","83.400","37","6","Tokopedia","Kaldu & Penyedap Rasa","2024-01-28","Unilever Official Store",173.0,"OTHERS","OTHERS","ROYCO"

"12196472836","Citra Natural BS Glow SPF20 180ml Get Citra HBL Serum Fresh Glow 100ML","50.000","75.800","34","100ML","Tokopedia","Body Lotion","2024-01-28","Unilever Official Store",13.0,"BODY WASH","100-249ml","CITRA"

"12196480986","Citra Natural BS Insta Glow 180ml Get CITRA HBL SERUM FRESH GLOW 100ML","50.000","75.800","34","100ML","Tokopedia","Body Lotion","2024-01-28","Unilever Official Store",13.0,"BODY WASH","100-249ml","CITRA"

"12196487050","Citra BS Protect GlowSPF20 & Insta Glow180ML Get CITRA SERUM100ML","50.000","75.800","34","SERUM100ML","Tokopedia","Body Lotion","2024-01-28","Unilever Official Store",14.0,"BODY WASH","OTHERS","CITRA"

"12196513335","Citra BS Protec GlowSPF20 & Fresh Glow180ml Get Citra Serum100ml","54.300","82.800","34","Serum100ml","Tokopedia","Body Lotion","2024-01-28","Unilever Official Store",14.0,"BODY WASH","OTHERS","CITRA"

"12196518123","Citra BS Insta & Fresh Glow Aloe Bright 180ml Get Citra Serum100ml","54.300","82.800","34","Serum100ml","Tokopedia","Body Lotion","2024-01-28","Unilever Official Store",14.0,"BODY WASH","OTHERS","CITRA"

"12216784568","Zwitsal Baby Bath Hair & Body Aloe Vera 200mL","20.300","32.900","38","200mL","Tokopedia","Shampoo & Sabun Bayi","2024-01-28","Unilever Official Store",5.0,"BABY CARE","100-249ml","ZWITSAL"

"12216784718","Zwitsal Baby Bath Hair & Body Milky Honey 200mL","20.300","32.900","38","200mL","Tokopedia","Shampoo & Sabun Bayi","2024-01-28","Unilever Official Store",5.0,"BABY CARE","100-249ml","ZWITSAL"

"12216784904","Zwitsal Baby Bath Hair & Body Antibac 200mL","20.300","32.900","38","200mL","Tokopedia","Shampoo & Sabun Bayi","2024-01-28","Unilever Official Store",5.0,"BABY CARE","100-249ml","ZWITSAL"

"12216784965","Zwitsal Baby Bath Hair & Body Antibac 400mL","32.300","52.900","39","400mL","Tokopedia","Shampoo & Sabun Bayi","2024-01-28","Unilever Official Store",7.0,"BABY CARE","250-499ml","ZWITSAL"

"12216784979","Zwitsal Baby Bath Telon 200mL","20.300","32.900","38","200mL","Tokopedia","Shampoo & Sabun Bayi","2024-01-28","Unilever Official Store",5.0,"BABY CARE","100-249ml","ZWITSAL"

"12216784989","FREE Clear Shampoo Complete Soft Care Xtra 20% 11ml","10.000.000","10.000.000","0","11ml","Tokopedia","Hampers","2024-01-28","Unilever Official Store",151.0,"OTHERS","1-99ml","FREE"

"12223329491","Buy 2 Molto Pure Pewangi Pakaian Bayi 1.6L FREE Lunch Box","108.300","170.800","37","Box","Tokopedia","Pewangi Pelembut Pakaian","2024-01-28","Unilever Official Store",185.0,"PEMBERSIH PERALATAN","OTHERS","BUY"

"12223336389","Molto Perfume Beads Fresh Blossom 200G FREE Lunch Box","46.100","76.900","40","Box","Tokopedia","Pewangi Pelembut Pakaian","2024-01-28","Unilever Official Store",190.0,"PEMBERSIH PERALATAN","OTHERS","MOLTO"

"12223341661","Molto Perfume Beads Luxury Perfume Purple 200G FREE Lunch Box","46.100","76.900","40","Box","Tokopedia","Pewangi Pelembut Pakaian","2024-01-28","Unilever Official Store",190.0,"PEMBERSIH PERALATAN","OTHERS","MOLTO"

"12226721640","Zwitsal Baby Bath Hair & Body FREE 2 X Molto Pure 135ml","29.900","58.900","49","135ml","Tokopedia","Shampoo & Sabun Bayi","2024-01-28","Unilever Official Store",5.0,"BABY CARE","100-249ml","ZWITSAL"

"12234632450","Zwitsal Baby Bath Hair & Body Aloe Vera 400mL","32.300","52.900","39","400mL","Tokopedia","Shampoo & Sabun Bayi","2024-01-28","Unilever Official Store",7.0,"BABY CARE","250-499ml","ZWITSAL"

"12243523413","Vaseline Lip Care color+care 3gr Tinted Lip Balm Blooming  Pink","58.500","81.900","29","Pink","Tokopedia","Lip Balm & Oil","2024-01-28","Unilever Official Store",178.0,"OTHERS","OTHERS","VASELINE"

"12246873210","FREE Baskom serbaguna - Sunlight","10.000.000","10.000.000","0","Sunlight","Tokopedia","Hampers","2024-01-28","Unilever Official Store",154.0,"OTHERS","OTHERS","FREE"

"12246873240","FREE Talenan - Lifebuoy Dishwash","10.000.000","10.000.000","0","Dishwash","Tokopedia","Hampers","2024-01-28","Unilever Official Store",154.0,"OTHERS","OTHERS","FREE"

"12246873402","FREE Cetakan es batu - Sariwangi","10.000.000","10.000.000","0","Sariwangi","Tokopedia","Hampers","2024-01-28","Unilever Official Store",154.0,"OTHERS","OTHERS","FREE"

"12249740450","Zwitsal Baby Bath 2 In 1 Hair Body Aloe Vera 450Ml Free 1 Minyak 1 L","137.800","137.800","0","L","Tokopedia","Shampoo & Sabun Bayi","2024-01-28","Unilever Official Store",6.0,"BABY CARE","1L+","ZWITSAL"

"12250132944","Zwitsal Baby Natural Set Spa Gift Box 1Pc isi 2 Free Toples Zwitsal","224.000","389.800","43","Zwitsal","Tokopedia","Shampoo & Sabun Bayi","2024-01-28","Unilever Official Store",6.0,"BABY CARE","1L+","ZWITSAL"

"12250132998","Vaselineâ€‹ Gluta Dewy Radiance 330Ml Free Tresemme Shampoo 170Ml","129.000","272.150","53","170Ml","Tokopedia","Body Lotion","2024-01-28","Unilever Official Store",50.0,"BODY WASH","100-249ml","VASELINEâ€‹"

"12250133008","Sunlight Power Spray Pencuci Piring 300ml","24.900","41.900","41","300ml","Tokopedia","Sabun Cuci Piring","2024-01-28","Unilever Official Store",41.0,"BODY WASH","250-499ml","SUNLIGHT"

"12250133427","Vaseline Dewy Radiance + Flawless Bright 330ml Free Dove 85ml","129.800","245.800","47","85ml","Tokopedia","Body Lotion","2024-01-28","Unilever Official Store",46.0,"BODY WASH","1-99ml","VASELINE"

"12250133535","Vaselineâ€‹ Gluta Dewy Radiance 330Ml Free Dove Super Shampoo 125ml","129.000","259.800","50","125ml","Tokopedia","Body Lotion","2024-01-28","Unilever Official Store",50.0,"BODY WASH","100-249ml","VASELINEâ€‹"

"12250133569","[Buy 3 Get Sunlight700ml]Sunlight Sabun Cuci Piring Extra Lembut 650ml","37.700","85.700","56","650ml","Tokopedia","Sabun Cuci Piring","2024-01-28","Unilever Official Store",57.0,"BODY WASH","500-749ml","[BUY"

"12250133600","Vaselineâ€‹ Gluta Dewy Radiance 330Ml Free Love Beauty Planet100ml","64.500","117.900","45","Planet100ml","Tokopedia","Body Lotion","2024-01-28","Unilever Official Store",52.0,"BODY WASH","OTHERS","VASELINEâ€‹"

"12250133636","Buy 1 Sunlight Sabun Cuci Piring Extra Lembut 650ml Get Sunlight 210ml","12.600","28.900","56","210ml","Tokopedia","Sabun Cuci Piring","2024-01-28","Unilever Official Store",10.0,"BODY WASH","100-249ml","BUY"

"12250133657","Vaselineâ€‹ Gluta Dewy Radiance 330Ml Free Tresemme Conditioner 340Ml","129.000","306.000","58","340Ml","Tokopedia","Body Lotion","2024-01-28","Unilever Official Store",51.0,"BODY WASH","250-499ml","VASELINEâ€‹"

"12250133718","Lux Body Mist Lotus & Honey 100ml isi 2 Free Lux Bluebell 400ml","80.000","111.800","28","400ml","Tokopedia","Sabun Mandi","2024-01-28","Unilever Official Store",32.0,"BODY WASH","250-499ml","LUX"

"12250133728","Ponds AM Ultimate Renew Essence 110ml Free Ponds Cleanser 100gr","184.100","346.800","47","100gr","Tokopedia","Body Lotion","2024-01-28","Unilever Official Store",37.0,"BODY WASH","100-249gr","PONDS"

"12250133736","Love Beauty & Planet Angelica soft Shampoo 380ml FREE BM Lavender100ml","94.400","140.900","33","Lavender100ml","Tokopedia","Shampoo","2024-01-28","Unilever Official Store",123.0,"HAIR PRODUCT","OTHERS","LOVE"

"12250133882","Buy 6 Vixal Kuat Segar Pouch 600ml FREE Lock & Lock Bottle 1.5L","81.600","173.400","53","1.5L","Tokopedia","Karbol","2024-01-28","Unilever Official Store",143.0,"OTHERS","1L+","BUY"

"12250133900","Buy 4 Vixal Kuat Segar Pouch 600ml FREE Keranjang Baju","54.400","103.400","47","Baju","Tokopedia","Karbol","2024-01-28","Unilever Official Store",144.0,"OTHERS","OTHERS","BUY"

"12250133928","Buy 2 Vixal Kuat Segar Pouch 600ml FREE Kain Microfiber","27.200","43.299","37","Microfiber","Tokopedia","Karbol","2024-01-28","Unilever Official Store",144.0,"OTHERS","OTHERS","BUY"

"12250133948","Buy 1 Vixal Kuat Segar Pouch 600ml FREE Spons","13.600","22.900","41","Spons","Tokopedia","Karbol","2024-01-28","Unilever Official Store",144.0,"OTHERS","OTHERS","BUY"

"12250133978","Vixal Kuat Segar Pouch 180ml Isi 4","18.700","27.600","32","4","Tokopedia","Karbol","2024-01-28","Unilever Official Store",180.0,"OTHERS","OTHERS","VIXAL"

"12250134015","Vixal Kuat Segar Pouch 180ml Isi 6","28.000","41.400","32","6","Tokopedia","Karbol","2024-01-28","Unilever Official Store",180.0,"OTHERS","OTHERS","VIXAL"

"12250134019","Vixal Kuat Segar Pouch 180ml","4.800","6.900","30","180ml","Tokopedia","Karbol","2024-01-28","Unilever Official Store",179.0,"OTHERS","100-249ml","VIXAL"

"12250134026","Vixal Kuat Segar Pouch 600ml Twin Pack","23.700","41.800","43","Pack","Tokopedia","Pembersih Toilet","2024-01-28","Unilever Official Store",202.0,"PEMBERSIH PERALATAN","OTHERS","VIXAL"

"12250134038","Vixal Kuat Segar Pouch 600ml Isi 4","54.400","83.600","35","4","Tokopedia","Pembersih Toilet","2024-01-28","Unilever Official Store",202.0,"PEMBERSIH PERALATAN","OTHERS","VIXAL"

"12250134043","Vixal Kuat Segar Pouch 600ml","13.600","20.900","35","600ml","Tokopedia","Pembersih Toilet","2024-01-28","Unilever Official Store",200.0,"PEMBERSIH PERALATAN","500-749ml","VIXAL"

"12250134050","Vixal Kuat Segar Pouch 600ml Isi 6","71.100","125.400","43","6","Tokopedia","Karbol","2024-01-28","Unilever Official Store",180.0,"OTHERS","OTHERS","VIXAL"

"12250134097","Vixal Kuat Segar Isi 2 &Molto Beads Perfume Purple 200g FREE LocknLock","119.400","229.600","48","LocknLock","Tokopedia","Karbol","2024-01-28","Unilever Official Store",180.0,"OTHERS","OTHERS","VIXAL"

"12250134155","Vixal Kuat Segar 600ml & Molto Pewangi Pure 1600ml FREE Food Storage","81.500","123.700","34","Storage","Tokopedia","Karbol","2024-01-28","Unilever Official Store",180.0,"OTHERS","OTHERS","VIXAL"

"12250134247","Lifebuoy 3-in-1 BW Shampoo Handwash 300ml Free Pepsodent Nanosoft","33.900","89.100","62","Nanosoft","Tokopedia","Shampoo","2024-01-28","Unilever Official Store",122.0,"HAIR PRODUCT","OTHERS","LIFEBUOY"

"12250134298","Lifebuoy 3-in-1 BW Shampoo Handwash 300ml Free LUX BW BLUEBELL 400ml","67.700","133.800","49","400ml","Tokopedia","Shampoo","2024-01-28","Unilever Official Store",121.0,"HAIR PRODUCT","250-499ml","LIFEBUOY"

"12250134544","Lifebuoy 3-in-1 BW Shampoo Handwash 300ml Free LIFEBUOY MILDCARE 180ML","67.700","133.800","49","180ML","Tokopedia","Sabun Cuci Tangan","2024-01-28","Unilever Official Store",23.0,"BODY WASH","100-249ml","LIFEBUOY"

"12250134668","Sariwangi 50s+ Jahe Kunyit 25s+ Buavita Guava 500ml FREE Sariwangi 30s","34.600","53.700","36","30s","Tokopedia","Jus","2024-01-28","Unilever Official Store",97.0,"FOOD","OTHERS","SARIWANGI"

"12250134732","Lifebuoy 3-in-1 BW Shampoo Handwash 300ml Free CLOSEUP GREEN 160GR","67.700","133.800","49","160GR","Tokopedia","Shampoo","2024-01-28","Unilever Official Store",119.0,"HAIR PRODUCT","100-249gr","LIFEBUOY"

"12250134747","Buavita Guava 1L+KoreanPeach 245ml+Sariwangi 20s FREE BuavitaApel500ml","47.400","87.700","46","BuavitaApel500ml","Tokopedia","Jus","2024-01-28","Unilever Official Store",85.0,"FOOD","OTHERS","BUAVITA"

"12250134764","Vixal Kuat Segar Pouch 180ml Twin Pack","9.400","13.800","32","Pack","Tokopedia","Karbol","2024-01-28","Unilever Official Store",180.0,"OTHERS","OTHERS","VIXAL"

"12250134772","Ponds AM Essence 50ml + Berry Glow Mask 8g isi 3 FREE ShopatVelvet Bag","133.200","245.600","46","Bag","Tokopedia","Body Lotion","2024-01-28","Unilever Official Store",38.0,"BODY WASH","OTHERS","PONDS"

"12250134814","Lifebuoy Bodywash Total 10 Bottle 250ml","34.500","55.900","38","250ml","Tokopedia","Sabun Mandi","2024-01-28","Unilever Official Store",25.0,"BODY WASH","250-499ml","LIFEBUOY"

"12250134815","Ponds UV Protect Sunserum SPF50 Bottle 30g","124.200","180.900","31","30g","Tokopedia","Sunblock wajah","2024-01-28","Unilever Official Store",70.0,"FACIAL TREATMENT","OTHERS","PONDS"

"12250134875","Lifebuoy Bodywash Lemon Fresh Bottle 250ml","34.500","55.900","38","250ml","Tokopedia","Sabun Mandi","2024-01-28","Unilever Official Store",25.0,"BODY WASH","250-499ml","LIFEBUOY"

"12250134881","Citra Hand Body Lotion Serum Complete Glow 100ml","12.000","20.900","43","100ml","Tokopedia","Body Lotion","2024-01-28","Unilever Official Store",13.0,"BODY WASH","100-249ml","CITRA"

"12250134886","Clear Shampoo Anti Ketombe & Anti Rontok 160ml","31.500","45.900","31","160ml","Tokopedia","Shampoo","2024-01-28","Unilever Official Store",110.0,"HAIR PRODUCT","100-249ml","CLEAR"

"12250134897","Vaseline Lip Care color+care 3gr Tinted Lip Balm Kissing Red","58.500","81.900","29","Red","Tokopedia","Lip Balm & Oil","2024-01-28","Unilever Official Store",178.0,"OTHERS","OTHERS","VASELINE"

"12250134931","Clear Shampoo Anti Ketombe & Anti Rontok 300ml","53.100","77.900","32","300ml","Tokopedia","Shampoo","2024-01-28","Unilever Official Store",111.0,"HAIR PRODUCT","250-499ml","CLEAR"

"12250134933","Zwitsal Baby Bath 2 In 1 Aloe Vera450Ml Free Pepsodent Kids Extra Soft","59.800","126.800","53","Soft","Tokopedia","Shampoo & Sabun Bayi","2024-01-28","Unilever Official Store",8.0,"BABY CARE","OTHERS","ZWITSAL"

"12250134939","Clear Shampoo Anti Ketombe & Anti Rontok 660ml","90.000","130.900","31","660ml","Tokopedia","Shampoo","2024-01-28","Unilever Official Store",112.0,"HAIR PRODUCT","500-749ml","CLEAR"

"12250134941","Vaseline Lip Care color+care 3gr Tinted Lip Balm Mellow Rose","58.500","81.900","29","Rose","Tokopedia","Lip Balm & Oil","2024-01-28","Unilever Official Store",178.0,"OTHERS","OTHERS","VASELINE"

"12250134971","Zwitsal Baby Bath 2 In 1 Aloe Vera 450Ml Free Lifebuoy Matcha 450Ml","59.800","117.800","49","450Ml","Tokopedia","Shampoo & Sabun Bayi","2024-01-28","Unilever Official Store",7.0,"BABY CARE","250-499ml","ZWITSAL"

"12263772973","Ponds Age Miracle Ultimate Hydra Essence 110ml FREE Ponds Silcot","184.100","276.900","34","Silcot","Tokopedia","Body Lotion","2024-01-28","Unilever Official Store",38.0,"BODY WASH","OTHERS","PONDS"

"12263773194","Vaseline Gluta Overnight 330ml + Soft Glow 180ml Free Shampoo 170ml","93.500","206.150","55","170ml","Tokopedia","Body Lotion","2024-01-28","Unilever Official Store",47.0,"BODY WASH","100-249ml","VASELINE"

"12263773447","Vaseline Gluta Flawless Bright 200ml + Soft Glow 180ml","76.600","138.800","45","180ml","Tokopedia","Body Lotion","2024-01-28","Unilever Official Store",47.0,"BODY WASH","100-249ml","VASELINE"

"12263773536","[Isi6] Vaseline Healthy Brightâ€‹ Gluta Serum Lotion Flawess + Dewy200ml","283.900","515.400","45","Dewy200ml","Tokopedia","Body Lotion","2024-01-28","Unilever Official Store",59.0,"BODY WASH","OTHERS","[ISI6]"

"12263773634","Vaseline Gluta Dewy Radiance 200ml + Soft Glow 180ml","76.600","138.800","45","180ml","Tokopedia","Body Lotion","2024-01-28","Unilever Official Store",47.0,"BODY WASH","100-249ml","VASELINE"

"12263773641","Lifebuoy Lemon Fresh 825ml FREE Clear Shampoo Xtra 20% 11ml (2 varian)","36.000","65.900","45","varian)","Tokopedia","Sabun Mandi","2024-01-28","Unilever Official Store",28.0,"BODY WASH","OTHERS","LIFEBUOY"

"12263773691","Lifebouy BW Lemon Refill825ml Get Clear Shp Anti Ktombe rontok 11ml","36.000","64.900","45","11ml","Tokopedia","Sabun Mandi","2024-01-28","Unilever Official Store",22.0,"BODY WASH","1-99ml","LIFEBOUY"

"12263773919","Vaseline Gluta Flawless Bright 330ml + Gluta Dewy Radiance 200ml","112.200","203.800","45","200ml","Tokopedia","Body Lotion","2024-01-28","Unilever Official Store",47.0,"BODY WASH","100-249ml","VASELINE"

"12263773982","Vaseline Gluta Dewy Radiance 200ml + UV Extra Brigthening 200Ml","73.400","129.800","43","200Ml","Tokopedia","Body Lotion","2024-01-28","Unilever Official Store",47.0,"BODY WASH","100-249ml","VASELINE"

"12263774006","Ponds Age Miracle Facial Treatment Cleanser 100g FREE Ponds Eye Mask","64.300","121.650","47","Mask","Tokopedia","Body Lotion","2024-01-28","Unilever Official Store",38.0,"BODY WASH","OTHERS","PONDS"

"12263774062","Vaselineâ€‹ Gluta Flawless Bright 330ml isi 2 + Body Serum 180Ml","159.000","288.700","45","180Ml","Tokopedia","Body Lotion","2024-01-28","Unilever Official Store",50.0,"BODY WASH","100-249ml","VASELINEâ€‹"

"12263774139","Vaseline Gluta Flawless Bright 220ml + Lip Care Rosy Tinted 10g","73.800","133.800","45","10g","Tokopedia","Lip Balm & Oil","2024-01-28","Unilever Official Store",178.0,"OTHERS","OTHERS","VASELINE"

"12263774548","Citra HBL Cmplte Glow 180ml isi 2 FREE Citra HBL Fresh Glow 100ml","50.000","75.800","34","100ml","Tokopedia","Body Lotion","2024-01-28","Unilever Official Store",13.0,"BODY WASH","100-249ml","CITRA"

"12330058563","FREE Oven Listrik - Sunlight Spray","10.000.000","10.000.000","0","Spray","Tokopedia","Hampers","2024-01-28","Unilever Official Store",154.0,"OTHERS","OTHERS","FREE"

"12330058645","FREE Salad Spinner - Sunlight Spray","10.000.000","10.000.000","0","Spray","Tokopedia","Hampers","2024-01-28","Unilever Official Store",154.0,"OTHERS","OTHERS","FREE"

"12330058651","FREE Molto Pink 250ml","10.000.000","10.000.000","0","250ml","Tokopedia","Hampers","2024-01-28","Unilever Official Store",153.0,"OTHERS","250-499ml","FREE"

"12330058689","FREE Payung Wipol","10.000.000","10.000.000","0","Wipol","Tokopedia","Hampers","2024-01-28","Unilever Official Store",152.0,"OTHERS","1L+","FREE"

"12330058821","FREE Baskom Cuci Sayur Buah - Sunlight Spray","10.000.000","10.000.000","0","Spray","Tokopedia","Hampers","2024-01-28","Unilever Official Store",154.0,"OTHERS","OTHERS","FREE"

"12330058847","FREE Rak Piring Lipat - Sunlight Spray","10.000.000","10.000.000","0","Spray","Tokopedia","Hampers","2024-01-28","Unilever Official Store",154.0,"OTHERS","OTHERS","FREE"

"12383259988","Royco Kaldu Ayam 220gr 3pcs [BUMBU RAMEN KUAH PEDAS]","28.300","44.700","37","PEDAS]","Tokopedia","Kaldu & Penyedap Rasa","2024-01-28","Unilever Official Store",173.0,"OTHERS","OTHERS","ROYCO"

"12450293179","[Buy 2 Get 2] Lifebuoy Sabun Cair dan Mandi Antiseptik Total 10 825ml","107.300","179.800","40","825ml","Tokopedia","Sabun Mandi","2024-01-28","Unilever Official Store",58.0,"BODY WASH","749-999ml","[BUY"

"12460401262","Sunlight Power Spray 300ml Twinpack FREE Set Makan","48.100","98.800","51","Makan","Tokopedia","Sabun Cuci Piring","2024-01-28","Unilever Official Store",45.0,"BODY WASH","OTHERS","SUNLIGHT"

"12460407955","Sunlight Power Spray 300ml Triplepack FREE Botol Minum 2L","72.100","155.700","54","2L","Tokopedia","Sabun Cuci Piring","2024-01-28","Unilever Official Store",40.0,"BODY WASH","1L+","SUNLIGHT"

"12460416787","Sunlight Power Spray 300ml Multipack FREE Rak Piring Lipat","96.100","207.600","54","Lipat","Tokopedia","Sabun Cuci Piring","2024-01-28","Unilever Official Store",45.0,"BODY WASH","OTHERS","SUNLIGHT"

"12460421429","Sunlight Power Spray 300ml Multipack FREE Salad Spinner","144.100","311.400","54","Spinner","Tokopedia","Sabun Cuci Piring","2024-01-28","Unilever Official Store",45.0,"BODY WASH","OTHERS","SUNLIGHT"

"12462669957","Sunlight Power Spray Pencuci Piring 300ml Twinpack - isi 2","49.800","83.800","41","2","Tokopedia","Sabun Cuci Piring","2024-01-28","Unilever Official Store",45.0,"BODY WASH","OTHERS","SUNLIGHT"

"12462673794","Sunlight Power Spray Pencuci Piring 300ml isi 4","99.600","167.600","41","4","Tokopedia","Sabun Cuci Piring","2024-01-28","Unilever Official Store",45.0,"BODY WASH","OTHERS","SUNLIGHT"

"12462675585","Sunlight Power Spray Pencuci Piring 300ml isi 6","149.400","251.400","41","6","Tokopedia","Sabun Cuci Piring","2024-01-28","Unilever Official Store",45.0,"BODY WASH","OTHERS","SUNLIGHT"

"12469519227","Vixal Kuat Segar Pouch 600ml isi 3 Free Lunch Box","40.800","77.700","47","Box","Tokopedia","Pembersih Toilet","2024-01-28","Unilever Official Store",202.0,"PEMBERSIH PERALATAN","OTHERS","VIXAL"

"12575560701","Royco Kaldu Ayam 220gr 3pcs Free Voucher VIU","28.300","64.700","56","VIU","Tokopedia","Kaldu & Penyedap Rasa","2024-01-28","Unilever Official Store",173.0,"OTHERS","OTHERS","ROYCO"

"12601843952","Clear Shampoo Anti Ketombe Soft Care 70ml isi 2 Free Lunch Box","27.700","48.800","43","Box","Tokopedia","Shampoo","2024-01-28","Unilever Official Store",113.0,"HAIR PRODUCT","OTHERS","CLEAR"

"12601845404","Love Beauty & Planet Body Mist Rose & Coconut 100ml Free Botol 1,5L","79.900","167.900","52","1.5L","Tokopedia","Sabun Mandi","2024-01-28","Unilever Official Store",30.0,"BODY WASH","1L+","LOVE"

"12601845716","Love Beauty&Planet Body Mist Lavender&Vanilla 100ml Free Food Storage","79.900","119.900","33","Storage","Tokopedia","Sabun Mandi","2024-01-28","Unilever Official Store",31.0,"BODY WASH","OTHERS","LOVE"

"12601845811","Rinso Detergent Kapsul Lavender Fresh 168g isi 2 Free Minyak 1L","80.900","154.300","48","1L","Tokopedia","Deterjen Laundry","2024-01-28","Unilever Official Store",167.0,"OTHERS","1L+","RINSO"

"12601846290","Vaseline Healthy Bright Lotion Dewy Radiance 200ml isi 2 Free Gula 1kg","94.700","189.800","50","1kg","Tokopedia","Body Lotion","2024-01-28","Unilever Official Store",49.0,"BODY WASH","OTHERS","VASELINE"

"12601846481","Vaseline Gluta Lotion Flawless Bright 330ml isi 2 Free Lunch Box","129.800","242.800","47","Box","Tokopedia","Body Lotion","2024-01-28","Unilever Official Store",49.0,"BODY WASH","OTHERS","VASELINE"

"12601846531","Vaseline Healthy Bright Serum Overnight 330ml isi 2 Free Food Storage","128.300","233.800","45","Storage","Tokopedia","Body Lotion","2024-01-28","Unilever Official Store",49.0,"BODY WASH","OTHERS","VASELINE"

"12622213502","Sunlight Power Spray 300ml isi 2 FREE Gula 500gr","48.100","103.800","54","500gr","Tokopedia","Sabun Cuci Piring","2024-01-28","Unilever Official Store",42.0,"BODY WASH","500-749gr","SUNLIGHT"

"12622216474","Sunlight Power Spray 300ml isi 2 FREE Minyak 1 kg","48.100","103.800","54","kg","Tokopedia","Sabun Cuci Piring","2024-01-28","Unilever Official Store",45.0,"BODY WASH","OTHERS","SUNLIGHT"

"12622219916","Sunlight Power Spray 300ml isi 3 FREE Lunch Box","72.100","132.700","46","Box","Tokopedia","Sabun Cuci Piring","2024-01-28","Unilever Official Store",45.0,"BODY WASH","OTHERS","SUNLIGHT"

"12622223126","Sunlight Power Spray 300ml isi 2 FREE Food Storage","48.100","113.800","58","Storage","Tokopedia","Sabun Cuci Piring","2024-01-28","Unilever Official Store",45.0,"BODY WASH","OTHERS","SUNLIGHT"

"20001645","Wipol Karbol Wangi Lemon 750Ml","21.200","21.200","0","750Ml","Indomaret","pembersih-lantai-dan-toilet","2024-01-28","Toko Indomaret",204.0,"PEMBERSIH PERALATAN","749-999ml","WIPOL"

"20002944","Pepsodent Action 123 Pasta Gigi Herbal 190G","23.500","23.500","0","190G","Indomaret","tooth-paste--treatment","2024-01-28","Toko Indomaret",136.0,"ORAL HYGIENE","OTHERS","PEPSODENT"

"20005584","Zwitsal Baby Sabun Mandi Cair Natural H&B Aloe Vera 400mL","39.900","39.900","0","400mL","Indomaret","perlengkapan-bayi","2024-01-28","Toko Indomaret",7.0,"BABY CARE","250-499ml","ZWITSAL"

"20005587","Zwitsal Baby Cologne Soft Touch Aloe Vera 100mL","26.500","26.500","0","100mL","Indomaret","baby-cologne-oil-lotion-cream","2024-01-28","Toko Indomaret",5.0,"BABY CARE","100-249ml","ZWITSAL"

"20007072","Sariwangi Teh Celup Hijau Asli 25X1.85G","11.500","11.500","0","25X1.85G","Indomaret","teh-celup","2024-01-28","Toko Indomaret",97.0,"FOOD","OTHERS","SARIWANGI"

"20008252","Wall's Ice Cream Paddle Pop Shaky Shake 140mL","10.500","10.500","0","140mL","Indomaret","es-krim","2024-01-28","Toko Indomaret",100.0,"FOOD","100-249ml","WALL'S"

"20009869","Zwitsal Baby Hair Lotion Aloe Vera Kemiri Seledri 100Ml","29.900","29.900","0","100Ml","Indomaret","perlengkapan-bayi","2024-01-28","Toko Indomaret",5.0,"BABY CARE","100-249ml","ZWITSAL"

"20009870","Zwitsal Baby Shampoo Natural 100Ml","19.200","19.200","0","100Ml","Indomaret","perlengkapan-bayi","2024-01-28","Toko Indomaret",5.0,"BABY CARE","100-249ml","ZWITSAL"

"20009872","Zwitsal Baby Sabun Mandi Cair Natural Milk Honey 200Ml","24.900","24.900","0","200Ml","Indomaret","perlengkapan-bayi","2024-01-28","Toko Indomaret",5.0,"BABY CARE","100-249ml","ZWITSAL"

"20010379","Lifebuoy Shampoo Anti Dandruff 70Ml","14.800","14.800","0","70Ml","Indomaret","hair-conditioner-1","2024-01-28","Toko Indomaret",118.0,"HAIR PRODUCT","1-99ml","LIFEBUOY"

"20010381","Lifebuoy Shampoo Anti Dandruff 170Ml","26.900","26.900","0","170Ml","Indomaret","hair-conditioner-1","2024-01-28","Toko Indomaret",120.0,"HAIR PRODUCT","100-249ml","LIFEBUOY"

"20010383","Lifebuoy Shampoo Anti Dandruff 340Ml","47.000","47.000","0","340Ml","Indomaret","hair-conditioner-1","2024-01-28","Toko Indomaret",121.0,"HAIR PRODUCT","250-499ml","LIFEBUOY"

"20010999","Lifebuoy Sabun Mandi Cair Red 100Ml","19.700","19.700","0","100Ml","Indomaret","treatment-liquid-soap","2024-01-28","Toko Indomaret",23.0,"BODY WASH","100-249ml","LIFEBUOY"

"20011000","Lifebuoy Sabun Mandi Cair White 100Ml","19.700","19.700","0","100Ml","Indomaret","treatment-liquid-soap","2024-01-28","Toko Indomaret",23.0,"BODY WASH","100-249ml","LIFEBUOY"

"20011007","Lifebuoy Sabun Mandi Cair Mild Care 400Ml","24.900","24.900","0","400Ml","Indomaret","treatment-liquid-soap","2024-01-28","Toko Indomaret",25.0,"BODY WASH","250-499ml","LIFEBUOY"

"20011008","Lifebuoy Sabun Mandi Cair Total10 400Ml","24.900","24.900","0","400Ml","Indomaret","treatment-liquid-soap","2024-01-28","Toko Indomaret",25.0,"BODY WASH","250-499ml","LIFEBUOY"

"20013047","Vaseline Lotion Intensive Care Aloe Soothe 200Ml","35.500","35.500","0","200Ml","Indomaret","body-lotion","2024-01-28","Toko Indomaret",47.0,"BODY WASH","100-249ml","VASELINE"

"20013133","Zwitsal Baby Sabun Mandi Batang Natural Rich Honey 70G","7.900","7.900","0","70G","Indomaret","perlengkapan-bayi","2024-01-28","Toko Indomaret",8.0,"BABY CARE","OTHERS","ZWITSAL"

"20017141","Pepsodent Pasta Gigi Center Fresh 160G","26.700","26.700","0","160G","Indomaret","tooth-paste--treatment","2024-01-28","Toko Indomaret",136.0,"ORAL HYGIENE","OTHERS","PEPSODENT"

"20020226","Molto Pewangi Pakaian Flower Shower Pink 780Ml","16.800","16.800","0","780Ml","Indomaret","pelicin-dan-pewangi-pakaian","2024-01-28","Toko Indomaret",189.0,"PEMBERSIH PERALATAN","749-999ml","MOLTO"

"20020245","Molto Pewangi Pakaian Floral Bliss Blue 780Ml","16.800","16.800","0","780Ml","Indomaret","pelicin-dan-pewangi-pakaian","2024-01-28","Toko Indomaret",189.0,"PEMBERSIH PERALATAN","749-999ml","MOLTO"

"20020977","Vaseline Body Lotion Healthy Bright Uv Extra Bright 100Ml","19.500","19.500","0","100Ml","Indomaret","body-lotion","2024-01-28","Toko Indomaret",47.0,"BODY WASH","100-249ml","VASELINE"

"20021816","Vaseline Body Lotion Healthy Bright Uv Extra Bright 200Ml","35.900","35.900","0","200Ml","Indomaret","body-lotion","2024-01-28","Toko Indomaret",47.0,"BODY WASH","100-249ml","VASELINE"

"20022930","Vaseline Intensive Care Lotion Healthy Sunblock Spf-30 100Ml","79.500","79.500","0","100Ml","Indomaret","body-lotion","2024-01-28","Toko Indomaret",47.0,"BODY WASH","100-249ml","VASELINE"

"20024517","Axe Deodorant Bodyspray Dark Temptation 135mL","42.000","42.000","0","135mL","Indomaret","mens-cologne","2024-01-28","Toko Indomaret",9.0,"BODY WASH","100-249ml","AXE"

"20028001","Lifebuoy Shampoo Strong & Shiny 170Ml","26.900","26.900","0","170Ml","Indomaret","beauty-shampoo-1","2024-01-28","Toko Indomaret",120.0,"HAIR PRODUCT","100-249ml","LIFEBUOY"

"20028002","Lifebuoy Shampoo Strong & Shiny 340Ml","47.000","47.000","0","340Ml","Indomaret","beauty-shampoo-1","2024-01-28","Toko Indomaret",121.0,"HAIR PRODUCT","250-499ml","LIFEBUOY"

"20028227","Wall's Ice Cream Cornetto Disc Chocolate 108mL","12.000","12.000","0","108mL","Indomaret","es-krim","2024-01-28","Toko Indomaret",100.0,"FOOD","100-249ml","WALL'S"

"20029355","Zwitsal Baby Hair Lotion Natural Aloe Vera Kemiri Seledri 200Ml","49.500","49.500","0","200Ml","Indomaret","perlengkapan-bayi","2024-01-28","Toko Indomaret",5.0,"BABY CARE","100-249ml","ZWITSAL"

"20029646","Close Up Pasta Gigi Icy White 160g","31.600","31.600","0","160g","Indomaret","tooth-paste--treatment","2024-01-28","Toko Indomaret",135.0,"ORAL HYGIENE","OTHERS","CLOSE"

"20031999","Vaseline Healthy White Sun + Pollution Protection Spf24 100Ml","30.000","30.000","0","100Ml","Indomaret","body-lotion","2024-01-28","Toko Indomaret",47.0,"BODY WASH","100-249ml","VASELINE"

"20032366","Wall's Ice Cream Magnum Classic 80mL","18.000","18.000","0","80mL","Indomaret","es-krim","2024-01-28","Toko Indomaret",99.0,"FOOD","1-99ml","WALL'S"

"20032368","Wall's Ice Cream Magnum Almond 80mL","18.000","18.000","0","80mL","Indomaret","es-krim","2024-01-28","Toko Indomaret",99.0,"FOOD","1-99ml","WALL'S"

"20034034","Vaseline Body Lotion Healthy Bright Uv Extra Bright 400Ml","68.000","68.000","0","400Ml","Indomaret","body-lotion","2024-01-28","Toko Indomaret",48.0,"BODY WASH","250-499ml","VASELINE"

"20034266","Citra Pelembab Wajah Hazeline Pearly White Uv Cream 40g","50.500","50.500","0","40g","Indomaret","facial-cleanser","2024-01-28","Toko Indomaret",63.0,"FACIAL TREATMENT","OTHERS","CITRA"

"20035518","Wall's Ice Cream Paddle Pop Rainbow Power 50mL","3.000","3.000","0","50mL","Indomaret","es-krim","2024-01-28","Toko Indomaret",99.0,"FOOD","1-99ml","WALL'S"

"20035686","Pepsodent Pasta Gigi Sensitive Expert Original 100G","39.900","39.900","0","100G","Indomaret","perawatan-pasta-gigi","2024-01-28","Toko Indomaret",136.0,"ORAL HYGIENE","OTHERS","PEPSODENT"

"20036082","Pepsodent Sikat Gigi Double Care Sensitive Mp3 Soft","35.800","35.800","0","Soft","Indomaret","tooth-brush","2024-01-28","Toko Indomaret",136.0,"ORAL HYGIENE","OTHERS","PEPSODENT"

"20036430","Lifebuoy Body Wash Total 10 Pump Red 500Ml","72.900","72.900","0","500Ml","Indomaret","treatment-liquid-soap","2024-01-28","Toko Indomaret",26.0,"BODY WASH","500-749ml","LIFEBUOY"

"20036431","Lifebuoy Sabun Mandi Cair Pump White 500Ml","72.900","72.900","0","500Ml","Indomaret","body-soap","2024-01-28","Toko Indomaret",26.0,"BODY WASH","500-749ml","LIFEBUOY"

"20037446","Rinso Deterjen Liquid + Molto Refill Rose Fresh 700Ml","23.700","23.700","0","700Ml","Indomaret","deterjen","2024-01-28","Toko Indomaret",168.0,"OTHERS","500-749ml","RINSO"

"20038957","Glow & Lovely Multivitamin Cream 46g","41.100","41.100","0","46g","Indomaret","facial-cleanser","2024-01-28","Toko Indomaret",64.0,"FACIAL TREATMENT","OTHERS","GLOW"

"20038958","Glow & Lovely Multivitamin Cream 23g","23.400","23.400","0","23g","Indomaret","facial-cleanser","2024-01-28","Toko Indomaret",64.0,"FACIAL TREATMENT","OTHERS","GLOW"

"20040217","Lifebuoy Sabun Mandi Cair Blue Cool Fresh 400Ml","24.900","24.900","0","400Ml","Indomaret","treatment-liquid-soap","2024-01-28","Toko Indomaret",25.0,"BODY WASH","250-499ml","LIFEBUOY"

"20040690","Vaseline Lotion Healthy White Perfect 10 200Ml","51.000","51.000","0","200Ml","Indomaret","body-lotion","2024-01-28","Toko Indomaret",47.0,"BODY WASH","100-249ml","VASELINE"

"20040702","Pepsodent Pasta Gigi Fresh Cool Mint 190G","17.800","17.800","0","190G","Indomaret","tooth-paste--treatment","2024-01-28","Toko Indomaret",136.0,"ORAL HYGIENE","OTHERS","PEPSODENT"

"20041164","Blue Band Margarine Cake & Cookie 200G","14.900","14.900","0","200G","Indomaret","mentega--margarin","2024-01-28","Toko Indomaret",140.0,"OTHERS","OTHERS","BLUE"

"20041266","Pepsodent Action 123 Pasta Gigi Original 190G","25.000","25.000","0","190G","Indomaret","tooth-paste--treatment","2024-01-28","Toko Indomaret",136.0,"ORAL HYGIENE","OTHERS","PEPSODENT"

"20041399","Lifebuoy Sabun Mandi Cair Lemon Fresh 400Ml","24.900","24.900","0","400Ml","Indomaret","treatment-liquid-soap","2024-01-28","Toko Indomaret",25.0,"BODY WASH","250-499ml","LIFEBUOY"

"20041400","Lifebuoy Body Wash Lemon Fresh 100Ml","19.700","19.700","0","100Ml","Indomaret","treatment-liquid-soap","2024-01-28","Toko Indomaret",23.0,"BODY WASH","100-249ml","LIFEBUOY"

"20041573","Blue Band Margarine Cake & Cookies 1kg","93.000","93.000","0","1kg","Indomaret","mentega-margarin","2024-01-28","Warehouse Jakarta 1",140.0,"OTHERS","OTHERS","BLUE"

"20041602","Vaseline Body Lotion Healthy White Perfect 10 400ML","80.500","80.500","0","400ML","Indomaret","body-lotion","2024-01-28","Warehouse Jakarta 1",48.0,"BODY WASH","250-499ml","VASELINE"

"20042833","Wall's Ice Cream Mini Cornetto Disc Tramisu & Dark Chocolate 12X28ml","36.000","36.000","0","12X28ml","Indomaret","es-krim","2024-01-28","Toko Indomaret",99.0,"FOOD","1-99ml","WALL'S"

"20042961","Pepsodent Pasta Gigi Sensitive Expert Whitening 100G","39.900","39.900","0","100G","Indomaret","tooth-paste--treatment","2024-01-28","Toko Indomaret",136.0,"ORAL HYGIENE","OTHERS","PEPSODENT"

"20044015","Dove Deeply Nourishing Body Wash Refill 400mL","31.900","31.900","0","400mL","Indomaret","body-soap","2024-01-28","Toko Indomaret",16.0,"BODY WASH","250-499ml","DOVE"

"20044352","Sariwangi Teh Celup Sari Murni 25X1.6G","7.200","7.200","0","25X1.6G","Indomaret","teh-celup","2024-01-28","Toko Indomaret",97.0,"FOOD","OTHERS","SARIWANGI"

"20044754","Bango Kecap Manis Refill 1.525Kg","49.500","49.500","0","1.525Kg","Indomaret","kecap","2024-01-28","Warehouse Jakarta 1",78.0,"FOOD","OTHERS","BANGO"

"20046593","Wall's Ice Cream Selection Oreo Cookies & Cream 410mL","36.000","36.000","0","410mL","Indomaret","es-krim","2024-01-28","Toko Indomaret",101.0,"FOOD","250-499ml","WALL'S"

"20046688","Pond's Men White Boost Face Scrub 100G","42.900","42.900","0","100G","Indomaret","shampoo-for-men","2024-01-28","Toko Indomaret",124.0,"HAIR PRODUCT","OTHERS","POND'S"

"20046690","Pond's Men Acne Clear Oil Control Face Wash 100G","42.900","42.900","0","100G","Indomaret","shampoo-for-men","2024-01-28","Toko Indomaret",124.0,"HAIR PRODUCT","OTHERS","POND'S"

"20046953","Pepsodent Sensitive Expert Pasta Gigi Fresh 100G","39.900","39.900","0","100G","Indomaret","tooth-paste--treatment","2024-01-28","Toko Indomaret",136.0,"ORAL HYGIENE","OTHERS","PEPSODENT"

"20047217","Pepsodent Pasta Gigi White 225G","18.200","18.200","0","225G","Indomaret","tooth-paste--treatment","2024-01-28","Toko Indomaret",136.0,"ORAL HYGIENE","OTHERS","PEPSODENT"

"20047432","Sunlight Pencuci Piring Lime 400mL","25.700","25.700","0","400mL","Indomaret","sabun-cuci-piring","2024-01-28","Toko Indomaret",41.0,"BODY WASH","250-499ml","SUNLIGHT"

"20048965","Dove Deodorant Roll On Ultimate Repair 40mL","26.900","26.900","0","40mL","Indomaret","deodorant-stick","2024-01-28","Toko Indomaret",15.0,"BODY WASH","1-99ml","DOVE"

"20049919","Lux Sabun Cair Pink Soft Touch Refill 400Ml","24.900","24.900","0","400Ml","Indomaret","body-soap","2024-01-28","Toko Indomaret",32.0,"BODY WASH","250-499ml","LUX"

"20049941","Lux Sabun Mandi Cair Refill Magical Orchid 400mL","24.900","24.900","0","400mL","Indomaret","body-soap","2024-01-28","Toko Indomaret",32.0,"BODY WASH","250-499ml","LUX"

"20051947","Lux Sabun Cair Pink Soft Touch Pump 580Ml","81.600","81.600","0","580Ml","Indomaret","body-soap","2024-01-28","Toko Indomaret",33.0,"BODY WASH","500-749ml","LUX"

"20052465","Vaseline Men Face Wash Healthy White 100G","40.000","40.000","0","100G","Indomaret","shampoo-for-men","2024-01-28","Toko Indomaret",131.0,"HAIR PRODUCT","OTHERS","VASELINE"

"20053168","Blue Band Margarine Master 2Kg","137.900","137.900","0","2Kg","Indomaret","mentega-margarin","2024-01-28","Warehouse Jakarta 1",140.0,"OTHERS","OTHERS","BLUE"

"20053181","Axe Deodorant Bodyspray Gold Temptation 135mL","42.000","42.000","0","135mL","Indomaret","mens-cologne","2024-01-28","Toko Indomaret",9.0,"BODY WASH","100-249ml","AXE"

"20054385","Wall's Ice Cream Neopolitana Extra Creamy 350Ml","24.800","24.800","0","350Ml","Indomaret","es-krim-stick--cup","2024-01-28","Toko Indomaret",101.0,"FOOD","250-499ml","WALL'S"

"20054610","Rinso Deterjen Liquid Front Load 1.6L","71.900","71.900","0","1.6L","Indomaret","deterjen-matic","2024-01-28","Toko Indomaret",167.0,"OTHERS","1L+","RINSO"

"20054750","Rinso Deterjen Cair Molto Perfume Essence 510mL","14.900","14.900","0","510mL","Indomaret","deterjen","2024-01-28","Toko Indomaret",168.0,"OTHERS","500-749ml","RINSO"

"20056192","Wall's Ice Cream Neopolitan Extra Creamy 700Ml","38.000","38.000","0","700Ml","Indomaret","es-krim-stick--cup","2024-01-28","Toko Indomaret",102.0,"FOOD","500-749ml","WALL'S"

"20056990","Axe Deodorant Bodyspray Black 135mL","42.000","42.000","0","135mL","Indomaret","mens-body-care","2024-01-28","Toko Indomaret",9.0,"BODY WASH","100-249ml","AXE"

"20057342","Wall's Ice Cream Paddle Pop Monkey Banana Boat 42Ml","5.200","5.200","0","42Ml","Indomaret","es-krim","2024-01-28","Toko Indomaret",99.0,"FOOD","1-99ml","WALL'S"

"20059265","Wall's Ice Cream Magnum White Almond 80Ml","18.500","18.500","0","80Ml","Indomaret","es-krim-stick--cup","2024-01-28","Toko Indomaret",99.0,"FOOD","1-99ml","WALL'S"

"20059866","Lifebuoy,Sabun Mandi Multipack Total 10 4X110g Bdd","22.500","22.500","0","Bdd","Indomaret","body-bar-soap","2024-01-28","Toko Indomaret",29.0,"BODY WASH","OTHERS","LIFEBUOY,SABUN"

"20062306","Rexona Deodorant Roll On Men Ice Cool 45Ml","21.200","21.200","0","45Ml","Indomaret","mens-cologne","2024-01-28","Toko Indomaret",39.0,"BODY WASH","1-99ml","REXONA"

"20062307","Rexona Deodorant Roll On Men Invisible Dry 45Ml","21.200","21.200","0","45Ml","Indomaret","mens-cologne","2024-01-28","Toko Indomaret",39.0,"BODY WASH","1-99ml","REXONA"

"20062308","Rexona Men Anti-Perspirant Deodorant Roll On Sport Defence 45Ml","21.200","21.200","0","45Ml","Indomaret","mens-cologne","2024-01-28","Toko Indomaret",39.0,"BODY WASH","1-99ml","REXONA"

"20062309","Rexona Deodorant Roll On Men Ultra Recharge 45Ml","21.200","21.200","0","45Ml","Indomaret","mens-cologne","2024-01-28","Toko Indomaret",39.0,"BODY WASH","1-99ml","REXONA"

"20062310","Rexona Deodorant Roll On Women Advaced Brightening 45Ml","26.100","26.100","0","45Ml","Indomaret","deodorant","2024-01-28","Toko Indomaret",39.0,"BODY WASH","1-99ml","REXONA"

"20062311","Rexona Deodorant Free Spirit 50Ml","21.200","21.200","0","50Ml","Indomaret","deodorant","2024-01-28","Toko Indomaret",39.0,"BODY WASH","1-99ml","REXONA"

"20062312","Rexona Deodorant Roll On Women Invisible Dry 50Ml","21.200","21.200","0","50Ml","Indomaret","deodorant","2024-01-28","Toko Indomaret",39.0,"BODY WASH","1-99ml","REXONA"

"20062314","Rexona Deodorant Roll On Women Shower Clean 50Ml","21.200","21.200","0","50Ml","Indomaret","deodorant","2024-01-28","Toko Indomaret",39.0,"BODY WASH","1-99ml","REXONA"

"20062411","Rexona Deodorant Roll On Women Power Dry 50Ml","21.200","21.200","0","50Ml","Indomaret","deodorant","2024-01-28","Toko Indomaret",39.0,"BODY WASH","1-99ml","REXONA"

"20067200","Buavita Guava 1L","29.800","29.800","0","1L","Indomaret","jus","2024-01-28","Toko Indomaret",82.0,"FOOD","1L+","BUAVITA"

"20067201","Buavita Juice Mango 1000Ml","29.800","29.800","0","1000Ml","Indomaret","jus","2024-01-28","Toko Indomaret",81.0,"FOOD","100-249ml","BUAVITA"

"20067202","Ponds Pembersih Wajah Facial Foam Pure Bright/Charcoal 100g","39.300","39.300","0","100g","Indomaret","facial-milk-cleanser--freshner","2024-01-28","Toko Indomaret",70.0,"FACIAL TREATMENT","OTHERS","PONDS"

"20067203","Ponds Pembersih Wajah Charcoal 50G","26.000","26.000","0","50G","Indomaret","facial-milk-cleanser--freshner","2024-01-28","Toko Indomaret",70.0,"FACIAL TREATMENT","OTHERS","PONDS"

"20067204","Ponds Pembersih Wajah Clear Solution/Pore Clear 100G","42.300","42.300","0","100G","Indomaret","facial-cleanser","2024-01-28","Toko Indomaret",70.0,"FACIAL TREATMENT","OTHERS","PONDS"

"20067209","Ponds Pembersih Wajah Bright Beauty Niasorcinol 50G","25.100","25.100","0","50G","Indomaret","facial-milk-cleanser--freshner","2024-01-28","Toko Indomaret",70.0,"FACIAL TREATMENT","OTHERS","PONDS"

"20067210","Ponds Pembersih Wajah Bright Beauty Niasorcinol 100G","36.700","36.700","0","100G","Indomaret","facial-cleanser","2024-01-28","Toko Indomaret",70.0,"FACIAL TREATMENT","OTHERS","PONDS"

"20067240","Sunsilk Shampoo Co-Creations Black Shine 70mL","15.200","15.200","0","70mL","Indomaret","hair-conditioner-1","2024-01-28","Toko Indomaret",125.0,"HAIR PRODUCT","1-99ml","SUNSILK"

"20067241","Sunsilk Shampoo Black Shine 160mL","26.900","26.900","0","160mL","Indomaret","hair-conditioner-1","2024-01-28","Toko Indomaret",126.0,"HAIR PRODUCT","100-249ml","SUNSILK"

"20067242","Sunsilk Shampoo Black Shine 320mL","48.000","48.000","0","320mL","Indomaret","hair-conditioner-1","2024-01-28","Toko Indomaret",127.0,"HAIR PRODUCT","250-499ml","SUNSILK"

"20067244","Sunsilk Shampoo Soft & Smooth 160mL","26.900","26.900","0","160mL","Indomaret","hair-conditioner-1","2024-01-28","Toko Indomaret",126.0,"HAIR PRODUCT","100-249ml","SUNSILK"

"20067245","Sunsilk Shampoo Soft & Smooth 320mL","48.000","48.000","0","320mL","Indomaret","hair-conditioner-1","2024-01-28","Toko Indomaret",127.0,"HAIR PRODUCT","250-499ml","SUNSILK"

"20067246","Sunsilk Konditioner Black Shine 160mL","32.600","32.600","0","160mL","Indomaret","treatment-shampoo","2024-01-28","Toko Indomaret",126.0,"HAIR PRODUCT","100-249ml","SUNSILK"

"20067247","Sunsilk Konditioner Co-Creations Soft & Smooth 160mL","32.600","32.600","0","160mL","Indomaret","treatment-shampoo","2024-01-28","Toko Indomaret",126.0,"HAIR PRODUCT","100-249ml","SUNSILK"

"20067359","Sunsilk Shampoo Hijab Refresh 160mL","26.900","26.900","0","160mL","Indomaret","hair-conditioner-1","2024-01-28","Toko Indomaret",126.0,"HAIR PRODUCT","100-249ml","SUNSILK"

"20067449","Glow & Lovely Multivitamin Facial Foam 100g","30.900","30.900","0","100g","Indomaret","facial-cleanser","2024-01-28","Toko Indomaret",64.0,"FACIAL TREATMENT","OTHERS","GLOW"

"20067961","Lifebuoy Sabun Mandi Ts (46094) Mild Care 110G","7.700","7.700","0","110G","Indomaret","body-bar-soap","2024-01-28","Toko Indomaret",28.0,"BODY WASH","OTHERS","LIFEBUOY"

"20067962","Lifebuoy Sabun Mandi Ts (46093) Total 10 110G","7.700","7.700","0","110G","Indomaret","body-bar-soap","2024-01-28","Toko Indomaret",28.0,"BODY WASH","OTHERS","LIFEBUOY"

"20067963","Lifebuoy Sabun Mandi Ts Multipack 05966 Mild Care 4X60g","14.300","14.300","0","4X60g","Indomaret","body-bar-soap","2024-01-28","Toko Indomaret",28.0,"BODY WASH","OTHERS","LIFEBUOY"

"20067964","Lifebuoy Sabun Mandi Ts Multipack 06105 Total 10 4X60g","14.300","14.300","0","4X60g","Indomaret","body-bar-soap","2024-01-28","Toko Indomaret",28.0,"BODY WASH","OTHERS","LIFEBUOY"

"20069227","Glow & Lovely Multivitamin Facial Foam 50g","19.400","19.400","0","50g","Indomaret","facial-milk-cleanser--freshner","2024-01-28","Toko Indomaret",64.0,"FACIAL TREATMENT","OTHERS","GLOW"

"20070383","Ponds Pelembab Wajah Day Cream Normal Skin Niasorcinol 20G","31.900","31.900","0","20G","Indomaret","krim-wajah","2024-01-28","Toko Indomaret",70.0,"FACIAL TREATMENT","OTHERS","PONDS"

"20071156","Royco Bumbu Dasar Ayam Kuning 600g","42.000","42.000","0","600g","Indomaret","garam-bumbu","2024-01-28","Warehouse Jakarta 1",93.0,"FOOD","OTHERS","ROYCO"

"20071827","Rinso Deterjen Powder + Molto Rose Fresh 650G","27.300","27.300","0","650G","Indomaret","deterjen","2024-01-28","Toko Indomaret",169.0,"OTHERS","OTHERS","RINSO"

"20071828","Rinso Deterjen Powder + Molto Rose Fresh 1.6Kg","59.900","59.900","0","1.6Kg","Indomaret","deterjen","2024-01-28","Toko Indomaret",169.0,"OTHERS","OTHERS","RINSO"

"20072317","Wall's Ice Cream Cornetto Disc Oreo 110Ml","13.500","13.500","0","110Ml","Indomaret","es-krim","2024-01-28","Toko Indomaret",100.0,"FOOD","100-249ml","WALL'S"

"20072673","Zwitsal Baby Bath Natural 2 In 1 Hair & Body 300Ml","39.900","39.900","0","300Ml","Indomaret","perlengkapan-bayi","2024-01-28","Toko Indomaret",7.0,"BABY CARE","250-499ml","ZWITSAL"

"20072834","Ponds Pelembab Wajah Age Miracle Hexyl-Retinol Day Cream 10G","41.300","41.300","0","10G","Indomaret","facial-cleanser","2024-01-28","Toko Indomaret",70.0,"FACIAL TREATMENT","OTHERS","PONDS"

"20072835","Ponds Pelembap Wajah Age Miracle Hexyl-Retinol Night Cream 10G","45.800","45.800","0","10G","Indomaret","facial-cleanser","2024-01-28","Toko Indomaret",70.0,"FACIAL TREATMENT","OTHERS","PONDS"

"20073986","Sariwangi Teh Melati 25 Teh Celup","9.600","9.600","0","Celup","Indomaret","teh-celup","2024-01-28","Toko Indomaret",97.0,"FOOD","OTHERS","SARIWANGI"

"20074434","Lifebuoy Sabun Mandi Ts Lemon Fresh 4X110g","22.500","22.500","0","4X110g","Indomaret","body-bar-soap","2024-01-28","Toko Indomaret",28.0,"BODY WASH","OTHERS","LIFEBUOY"

"20075361","Zwitsal Baby Bath Natural Milky Honey 400mL","39.900","39.900","0","400mL","Indomaret","perlengkapan-bayi","2024-01-28","Toko Indomaret",7.0,"BABY CARE","250-499ml","ZWITSAL"

"20075742","Pepsodent Sikat Gigi Silver Charcoal Soft","21.300","21.300","0","Soft","Indomaret","tooth-brush","2024-01-28","Toko Indomaret",136.0,"ORAL HYGIENE","OTHERS","PEPSODENT"

"20076432","Sunsilk Shampoo Hijab Refresh 320Ml","48.000","48.000","0","320Ml","Indomaret","hair-conditioner-1","2024-01-28","Toko Indomaret",127.0,"HAIR PRODUCT","250-499ml","SUNSILK"

"20077310","Buavita Guava 500Ml","15.900","15.900","0","500Ml","Indomaret","jus","2024-01-28","Toko Indomaret",84.0,"FOOD","500-749ml","BUAVITA"
