"id","name","price","originalprice","discountPercentage","detail","platform","category","scrapedate","seller"
"10654502131","Buy 2 Sunsilk Black Shine 900 ml Refill Pouch FREE Sunsilk 300 ML","162.000","277.800","42","ML","Tokopedia","Shampoo","2024-01-28","Unilever Official Store"
"10654502290","Buy 2 Sunsilk Black Shine 900ML FREE Ponds Rose Micellar Water 100ML","162.000","277.800","42","100ML","Tokopedia","Micellar Water","2024-01-28","Unilever Official Store"
"10654502312","Buy 2 Sunsilk Black Shine 900ml FREE Sunsilk Rambut Rontok 300 ML","162.000","277.800","42","ML","Tokopedia","Shampoo","2024-01-28","Unilever Official Store"
"10654502446","Buy 2 Close Up Korea Everfresh Spearmint free Kim Mingue Totebag","55.800","83.800","33","Totebag","Tokopedia","Pasta Gigi","2024-01-28","Unilever Official Store"
"10654502617","Buy 2 Close Up Korea Everfresh Eucalyptus free Kim Mingue Totebag","55.800","83.800","33","Totebag","Tokopedia","Pasta Gigi","2024-01-28","Unilever Official Store"
"10703987744","Zwitsal Baby Bath Aloe Vera 450Ml Twinpack FREE Baby Diaper Cream 50gr","59.800","117.800","49","50gr","Tokopedia","Shampoo & Sabun Bayi","2024-01-28","Unilever Official Store"
"10703993283","Zwitsal Eau De Toilette 100Ml Twinpack FREE Baby Diaper Cream 50gr","58.600","105.800","45","50gr","Tokopedia","Parfum & Cologne Anak-Anak","2024-01-28","Unilever Official Store"
"10704018069","Zwitsal Baby Face & Body Care Cream 50g Isi 2 FREE Baby Diaper Cream","81.800","81.800","0","Cream","Tokopedia","Cream & Lotion Bayi","2024-01-28","Unilever Official Store"
"10709473875","Lifebuoy Shampoo Kuat & Berkilau 430ml","41.100","66.900","39","430ml","Tokopedia","Shampoo","2024-01-28","Unilever Official Store"
"10756864254","LBP Rice Oil&Angelica Body Wash 380ml Isi 2 FREE LBP Conditioner 400ml","156.800","233.800","33","400ml","Tokopedia","Sabun Mandi","2024-01-28","Unilever Official Store"
"10756864355","LBP Rice Oil Body Serum 185ml Isi 2 FREE LBP Conditioner 380ml","167.300","249.800","33","380ml","Tokopedia","Sabun Mandi","2024-01-28","Unilever Official Store"
"10756864558","LBP Body Mist Rose & Coconut 100ML Twinpack FREE LBP Body Mist 100ml","159.700","239.800","33","100ml","Tokopedia","Body Lotion","2024-01-28","Unilever Official Store"
"10756864814","Vaselineâ€‹ Gluta Flawless Bright + Overnight 200Ml FREE Lip Care 10g","96.700","175.800","45","10g","Tokopedia","Body Lotion","2024-01-28","Unilever Official Store"
"10756865287","LBP Rice Oil&Angelica Body Serum 185ml FREE LBP Conditioner 380ml","83.700","124.900","33","380ml","Tokopedia","Sabun Mandi","2024-01-28","Unilever Official Store"
"10756865375","LBP Rice Oil&Sakura Glow Serum 185ml Isi 2 FREE LBP Body Mist 100ml","167.300","249.800","33","100ml","Tokopedia","Sabun Mandi","2024-01-28","Unilever Official Store"
"10756865417","LBP Rice Oil&Sakura Glow Body Serum 185ml FREE LBP Body Mist 100ml","83.700","124.900","33","100ml","Tokopedia","Serum Wajah","2024-01-28","Unilever Official Store"
"10756865716","Ponds Sun Serum SPF35 FREE Ponds Power Serum 7,5gr","27.800","41.900","34","7.5gr","Tokopedia","Krim Wajah","2024-01-28","Unilever Official Store"
"10756865810","LBP Body Mist Rose & Coconut 100ML FREE LBP Body MIst Lavender 100ml","79.900","119.900","33","100ml","Tokopedia","Face Mist","2024-01-28","Unilever Official Store"
"10756866012","LBP Soft & Nourish Shampoo 380ml FREE LBP Body MIst Lavender 100ml","94.400","140.900","33","100ml","Tokopedia","Sabun Mandi","2024-01-28","Unilever Official Store"
"10756866263","Ponds Age Miracle Youthful Glow 30Ml FREE Ponds Age Miracle Cleanser","229.900","346.900","34","Cleanser","Tokopedia","Cleanser Wajah","2024-01-28","Unilever Official Store"
"10756866363","Ponds Sun Serum SPF35 Twinpack FREE Ponds Power Serum 7,5gr","55.500","83.800","34","7.5gr","Tokopedia","Krim Wajah","2024-01-28","Unilever Official Store"
"10756866432","Ponds Age Miracle Ultimate Youth Essence 30G FREE Ponds Age Cleanser","211.500","319.900","34","Cleanser","Tokopedia","Krim Wajah","2024-01-28","Unilever Official Store"
"10756866569","Ponds Vitamin Micellar Water Rose 235Ml Isi 2 FREE Sun Serum SPF35","101.200","153.800","34","SPF35","Tokopedia","Micellar Water","2024-01-28","Unilever Official Store"
"10871396320","Sariwangi Teh Mawar Twinpack FREE Oatside Barista Blend 200ml","11.200","17.800","37","200ml","Tokopedia","Teh","2024-01-28","Unilever Official Store"
"10952540184","Buy 1 Rinso Matic Capsule Sakura + Buy 1 Rinso Matic Capsule Lavender","80.900","135.800","40","Lavender","Tokopedia","Deterjen Laundry","2024-01-28","Unilever Official Store"
"10952551406","Buy 2 Rinso Matic Capsule Sakura + Buy 2 Rinso Matic Capsule Lavender","161.800","271.600","40","Lavender","Tokopedia","Deterjen Laundry","2024-01-28","Unilever Official Store"
"10952564322","Buy 3 Rinso Matic Capsule Sakura + Buy 3 Rinso Matic Capsule Lavender","242.600","407.400","40","Lavender","Tokopedia","Deterjen Laundry","2024-01-28","Unilever Official Store"
"10986409879","[KESEMPATAN MENANG] Mystery Box Rinso Capsule Sakura FREE Dyson","80.900","291.600","72","Dyson","Tokopedia","Teh","2024-01-28","Unilever Official Store"
"11064226906","[KESEMPATAN MENANG] Mystery Box Rinso Lavender Fresh Free Oven","121.300","213.700","43","Oven","Tokopedia","Teh","2024-01-28","Unilever Official Store"
"11216811964","Lux Bright Bluebell Niacinamide Body Wash Pump 580ml","73.800","107.900","32","580ml","Tokopedia","Sabun Mandi","2024-01-28","Unilever Official Store"
"11216821016","Clear Shampoo Anti Ketomber Complete Soft Care 70ml","12.500","20.900","40","70ml","Tokopedia","Shampoo","2024-01-28","Unilever Official Store"
"11216834950","Rexona Men Deodorant Anti-Perspirant Roll On Activ-Bright 45Ml","23.600","34.900","32","45Ml","Tokopedia","Deodorant","2024-01-28","Unilever Official Store"
"11216843716","Rexona Men Deodorant Anti-Perspirant Adventure Roll On 45Ml","19.300","28.900","33","45Ml","Tokopedia","Deodorant","2024-01-28","Unilever Official Store"
"11216856795","Rexona Men Anti-Perspirant Roll On Natural Fresh Lime Cool 45ml","23.600","34.900","32","45ml","Tokopedia","Deodorant","2024-01-28","Unilever Official Store"
"11216870008","Rexona Men Anti-Perspirant Roll On Natural Fresh Charcoal Fresh 45Ml","23.600","34.900","32","45Ml","Tokopedia","Deodorant","2024-01-28","Unilever Official Store"
"11216878837","Rexona Men Anti-Perspirant Deodorant Roll On Sport Defence 45Ml","16.000","28.900","45","45Ml","Tokopedia","Deodorant","2024-01-28","Unilever Official Store"
"11392958837","DOVE BW GF REVIVE KR REFF 400ML FREE","10.000.000","10.000.000","0","FREE","Tokopedia","Sabun Mandi","2024-01-28","Unilever Official Store"
"11456068700","[Mystery Box] Sunlight Extra Lembut 650ml Twinpack FREE Midea Oven","25.200","42.850","41","Oven","Tokopedia","Sabun Cuci Piring","2024-01-28","Unilever Official Store"
"11506623947","Buy 3 Lifebuoy Lemon Fresh 825ml FREE Lifebuoy Cool Fresh 400ml","107.800","191.700","44","400ml","Tokopedia","Sabun Mandi","2024-01-28","Unilever Official Store"
"11601400544","Bango Less Sugar 520ml + Royco Ayam 220gr FREE Fiber CrÃ¨me 100 gr","31.800","54.800","42","gr","Tokopedia","Kaldu & Penyedap Rasa","2024-01-28","Unilever Official Store"
"11677195397","Love Beauty & Planet Body MistLavender 100ML FREE LBP VolumeConditione","79.900","119.900","33","VolumeConditione","Tokopedia","Body Lotion","2024-01-28","Unilever Official Store"
"11677202319","Love Beauty & Planet Soft & Nourish Conditioner 380ml FREE LBP Volume","94.400","140.900","33","Volume","Tokopedia","Conditioner","2024-01-28","Unilever Official Store"
"11677659798","St. Ives Fresh Skin Apricot Face Scrub - 90 Gr","39.900","58.900","32","Gr","Tokopedia","Scrub Wajah","2024-01-28","Unilever Official Store"
"11677680193","Pears Pure & Gentle Body Wash With Lemon Flower Extract 500Ml","88.000","122.900","28","500Ml","Tokopedia","Sabun Mandi","2024-01-28","Unilever Official Store"
"11694184166","Citra Natural Booster Body Serum Insta Glow 180 ML FREE Scrunchie","25.000","37.900","34","Scrunchie","Tokopedia","Body Lotion","2024-01-28","Unilever Official Store"
"11694191828","Citra Natural Booster Body Serum Complete Glow 180 ML FREE Scrunchie","25.000","37.900","34","Scrunchie","Tokopedia","Body Lotion","2024-01-28","Unilever Official Store"
"11694207526","Citra Natural Booster Body Serum SPF 20 PA++ 180 ML FREE Scrunchie","25.000","37.900","34","Scrunchie","Tokopedia","Body Lotion","2024-01-28","Unilever Official Store"
"11697366558","[Mystery Box] Buy 2 Bango Less Sugar 520ml GET LuluLemon Yoga Mat","52.200","84.850","38","Mat","Tokopedia","Kecap","2024-01-28","Unilever Official Store"
"11701270530","Zwitsal Baby Bath 2In1 Hair Body Aloe Vera 450Ml isi 3","89.700","176.700","49","3","Tokopedia","Shampoo & Sabun Bayi","2024-01-28","Unilever Official Store"
"11701270676","Zwitsal Baby Natural Set Spa Gift Box Kado Bayi 1Pc isi 3","352.700","584.700","40","3","Tokopedia","Shampoo & Sabun Bayi","2024-01-28","Unilever Official Store"
"11701271083","Vaseline Healthy Bright Vitamin Body Serum Soft Glow 180Ml isi 3","86.700","158.700","45","3","Tokopedia","Body Lotion","2024-01-28","Unilever Official Store"
"11701271641","Zwitsal Baby Bath Hair and Body 450ml Twinpack isi 3","134.900","248.700","46","3","Tokopedia","Shampoo & Sabun Bayi","2024-01-28","Unilever Official Store"
"11701271838","Sunsilk Shampo Rambut Lembut Activ-Infusion with Argan Oil 400ml isi 3","147.400","218.700","33","3","Tokopedia","Shampoo","2024-01-28","Unilever Official Store"
"11730310670","IKEA Lunchbox","10.000.000","10.000.000","0","Lunchbox","Tokopedia","Lunch Box Set","2024-01-28","Unilever Official Store"
"11798857475","Buy 3 AXE Dark Temptation 135ml FREE AXE Apollo 135ml","108.100","164.700","34","135ml","Tokopedia","Parfum & Cologne Pria","2024-01-28","Unilever Official Store"
"11798857534","Buy 3 Rexona Dry Serum Free Vaseline Soft Glow 100ml","70.000","104.700","33","100ml","Tokopedia","Body Lotion","2024-01-28","Unilever Official Store"
"11798857685","2 Molto Perfume Beads Luxury Perfume 200G FREE Molto Anti Kusut 100ml","92.100","139.800","34","100ml","Tokopedia","Pewangi Pelembut Pakaian","2024-01-28","Unilever Official Store"
"11798857696","Buy 2 Molto Pure Pewangi Pakaian Bayi 1.6L FREE Molto Anti Kusut 100ml","108.300","163.800","34","100ml","Tokopedia","Pewangi Pelembut Pakaian","2024-01-28","Unilever Official Store"
"11798857811","2 Molto Perfume Beads Fresh Blossom 200G FREE Molto Anti Kusut 100ml","92.100","139.800","34","100ml","Tokopedia","Pewangi Pelembut Pakaian","2024-01-28","Unilever Official Store"
"11798857864","Pepsodent Nanosoft Sensitive Isi 3 + Pepsodent SME Relief&Protect 100g","54.600","93.800","42","100g","Tokopedia","Sikat Gigi","2024-01-28","Unilever Official Store"
"11806763245","MOLTO ANTI KUSUT SPRAY PURPLE 100ML FREE","10.000.000","10.000.000","0","FREE","Tokopedia","Hampers","2024-01-28","Unilever Official Store"
"11806763256","Premium Dishwashing Bottle","10.000.000","10.000.000","0","Bottle","Tokopedia","Hampers","2024-01-28","Unilever Official Store"
"11806763368","WIPOL UP SEREH&JERUK PCH NEW 190ML FREE","10.000.000","10.000.000","0","FREE","Tokopedia","Hampers","2024-01-28","Unilever Official Store"
"11806763462","Pepsodent TB Nanosoft Sensitive Isi 3 FREE","10.000.000","10.000.000","0","FREE","Tokopedia","Hampers","2024-01-28","Unilever Official Store"
"11816143262","Buy 2 Sariwangi Green Tea Free 1 Sariwangi Green Tea","20.400","31.800","36","Tea","Tokopedia","Teh","2024-01-28","Unilever Official Store"
"11816189783","Sunsilk Shampo Anti Ketombe Rambut Sehat dan Kuat Anti Dandruff 400ml","45.000","65.900","32","400ml","Tokopedia","Shampoo","2024-01-28","Unilever Official Store"
"11816197555","Sunsilk Shampo Anti Ketombe Rambut Sehat dan Kuat Anti Dandruff 320ml","45.600","66.900","32","320ml","Tokopedia","Shampoo","2024-01-28","Unilever Official Store"
"11816205298","Sunsilk Shampo Anti Ketombe Rambut Sehat dan Kuat Anti Dandruff 650ml","75.000","109.900","32","650ml","Tokopedia","Shampoo","2024-01-28","Unilever Official Store"
"11816217606","Citra Natural Booster Body Serum Insta Glow 180 ML","25.800","37.900","32","ML","Tokopedia","Body Lotion","2024-01-28","Unilever Official Store"
"11816224385","Citra Natural Booster Body Serum Complete Glow 180 ML","25.800","37.900","32","ML","Tokopedia","Body Lotion","2024-01-28","Unilever Official Store"
"11816231219","Citra Natural Booster Body Serum Protect Glow SPF 20 PA++ 180 ML","25.800","37.900","32","ML","Tokopedia","Body Lotion","2024-01-28","Unilever Official Store"
"11861852517","Royco Bumbu Penyedap Makanan Rasa Kaldu Sapi 220G Free Minyak 1L","56.600","107.900","48","1L","Tokopedia","Kaldu & Penyedap Rasa","2024-01-28","Unilever Official Store"
"11890471600","Buy 2 Sunlight Extra Lembut 625ml FREE Sunlight Gentle Premium Bottle","25.200","41.800","40","Bottle","Tokopedia","Sabun Cuci Piring","2024-01-28","Unilever Official Store"
"11947762153","Buy 2 Ponds Bright Beauty Cream Moisturizer 40g Get UV Protect Sunseru","105.300","201.050","48","Sunseru","Tokopedia","Krim Wajah","2024-01-28","Unilever Official Store"
"11947820546","Buy PONDS UV PROTECT SUNSERUM SPF50+ 30gr Free PONDS ROSE MICELLAR WAT","50.900","86.900","41","WAT","Tokopedia","Sunblock wajah","2024-01-28","Unilever Official Store"
"11947913759","Buy 2 Vaseline Hand Body Lotion Healthy White UV Lightening 400ml Get","100.200","167.800","40","Get","Tokopedia","Body Lotion","2024-01-28","Unilever Official Store"
"11975541550","Buy 2 Zwitsal Baby Bath Hair Body Aloe Vera 450ml FREE Baby Cream 50g","59.800","137.655","57","50g","Tokopedia","Shampoo & Sabun Bayi","2024-01-28","Unilever Official Store"
"11975541563","Rinso Kapsul Sakura Blossom & Rinso Rose Fresh 1.65L FREE Bantal Mini","123.400","205.700","40","Mini","Tokopedia","Deterjen Laundry","2024-01-28","Unilever Official Store"
"12095149152","Buy Ponds UV Protect Sun Serum SPF35 30G Free Ponds Bright Serum 7.5G","27.800","61.400","55","7.5G","Tokopedia","Serum Wajah","2024-01-28","Unilever Official Store"
"12124859978","Buy 1 Dove Deeply Nourish 825ml + 2 Dove Ultimate Repair FREE Tweezers","87.100","155.700","44","Tweezers","Tokopedia","Sabun Mandi","2024-01-28","Unilever Official Store"
"12128500320","[NOT FOR SALE] Gift Molto Pure 135ml","100.000","100.000","0","135ml","Tokopedia","Pewangi Pelembut Pakaian","2024-01-28","Unilever Official Store"
"12128925755","Sariwangi Teh Celup Asli Isi 25","6.000","8.900","33","25","Tokopedia","Teh","2024-01-28","Unilever Official Store"
"12129139446","Rinso Kapsul Sakura Bloom 168gr isi 2 FREE Ecentio Set Alat Makan","79.800","161.800","51","Makan","Tokopedia","Deterjen Laundry","2024-01-28","Unilever Official Store"
"12129146167","Rinso Kapsul Lavender Fresh 168gr isi 2 FREE TATARUMA Roller Bulu","79.800","147.300","46","Bulu","Tokopedia","Deterjen Laundry","2024-01-28","Unilever Official Store"
"12129151243","Rinso Kapsul Sakura Bloom 168gr isi 3 FREE Minisoo Handuk Kecil","119.700","230.700","48","Kecil","Tokopedia","Deterjen Laundry","2024-01-28","Unilever Official Store"
"12129175319","Rinso Kapsul Sakura Bloom 168gr isi 6 FREE Mug Ikea","239.400","477.400","50","Ikea","Tokopedia","Deterjen Laundry","2024-01-28","Unilever Official Store"
"12168773914","FREE Minyak Goreng Sania 1L","10.000.000","10.000.000","0","1L","Tokopedia","Minyak","2024-01-28","Unilever Official Store"
"12169222888","Rinso Capsule Sakura 168g & Zwitsal Bath Hair Body Aloe 450ml Get 4Lux","69.800","207.600","66","4Lux","Tokopedia","Shampoo & Sabun Bayi","2024-01-28","Unilever Official Store"
"12169226281","Sunlight Extra Lembut 650ml & Zwitsal Bath Hair Body 450ml Get 3Lux","42.600","125.250","66","3Lux","Tokopedia","Sabun Cuci Piring","2024-01-28","Unilever Official Store"
"12169230527","Zwitsal Baby Bath Hair & Body Package FREE Care Cream 50Gr","82.900","172.555","52","50Gr","Tokopedia","Shampoo & Sabun Bayi","2024-01-28","Unilever Official Store"
"12179477057","FREE Clear Shampoo Anti Ketombe & Rontok Xtra 20% 11ml","10.000.000","10.000.000","0","11ml","Tokopedia","Shampoo","2024-01-28","Unilever Official Store"
"12194488000","Buavita Mini Juice Apel 125ml Twin Pack","8.800","13.800","36","Pack","Tokopedia","Jus","2024-01-28","Unilever Official Store"
"12194488013","Buavita Mini Juice Jambu 125ml Isi 4","17.600","27.600","36","4","Tokopedia","Jus","2024-01-28","Unilever Official Store"
"12194488016","Sunlight Sabun Cuci Piring Higienis 650ml Isi 4","51.800","83.600","38","4","Tokopedia","Sabun Cuci Piring","2024-01-28","Unilever Official Store"
"12194488701","Rinso Detergent Kapsul Lavender Fresh 168g & Perfume Beads FREE Vixal","80.500","137.800","42","Vixal","Tokopedia","Deterjen Laundry","2024-01-28","Unilever Official Store"
"12194489069","Rinso Molto Deterjen Bubuk Rose Fresh 770G Isi 6","145.500","233.400","38","6","Tokopedia","Deterjen Laundry","2024-01-28","Unilever Official Store"
"12194489086","Wipol Sabun Pembersih Lantai Karbol Cemara 750ml Isi 6","105.900","161.400","34","6","Tokopedia","Karbol","2024-01-28","Unilever Official Store"
"12194489346","Rinso Molto Deterjen Bubuk Korean Strawberry Powder 700g Isi 6","104.600","167.400","38","6","Tokopedia","Deterjen Laundry","2024-01-28","Unilever Official Store"
"12194489638","Sariwangi Teh Mawar Celup 25pc Isi 6","34.100","53.400","36","6","Tokopedia","Teh","2024-01-28","Unilever Official Store"
"12194489940","Molto Pelembut & Pewangi Pakaian Pure 1600ml Isi 6","330.500","491.400","33","6","Tokopedia","Pewangi Pelembut Pakaian","2024-01-28","Unilever Official Store"
"12194490083","Sarimurni Teh Celup Asli 20pc Isi 6","28.500","47.400","40","6","Tokopedia","Teh","2024-01-28","Unilever Official Store"
"12194490428","Vixal Pembersih Pembersih Lantai Karbol Cemara 750ml Isi 6","97.300","149.400","35","6","Tokopedia","Karbol","2024-01-28","Unilever Official Store"
"12194491076","Sariwangi Teh Celup Melati 25pc Isi 6","50.300","77.400","35","6","Tokopedia","Teh","2024-01-28","Unilever Official Store"
"12194491079","Sunlight Sabun Cuci Piring Korean Strawberry 560ml Isi 6","77.000","125.400","39","6","Tokopedia","Sabun Cuci Piring","2024-01-28","Unilever Official Store"
"12194491424","Lifebuoy Sabun Cuci Piring Refill 680ml Isi 4","36.000","59.600","40","4","Tokopedia","Sabun Cuci Piring","2024-01-28","Unilever Official Store"
"12194491760","Rinso Molto Deterjen Bubuk Perfume Essence 1.8Kg Isi 4","208.900","335.600","38","4","Tokopedia","Deterjen Laundry","2024-01-28","Unilever Official Store"
"12194492253","Rinso Molto Detergent Deterjen Cair Rose Fresh 1.65L Isi 4","174.000","279.600","38","4","Tokopedia","Deterjen Laundry","2024-01-28","Unilever Official Store"
"12194492755","Buavita Mini Juice Jeruk 125ml Twin Pack","8.800","13.800","36","Pack","Tokopedia","Jus","2024-01-28","Unilever Official Store"
"12194492775","Vixal Pembersih Pembersih Kamar Mandi Kuat Harum 780ml Isi 6","97.300","149.400","35","6","Tokopedia","Pembersih Toilet","2024-01-28","Unilever Official Store"
"12194493096","Rinso Molto Deterjen Cair Korean Strawberry Liquid 565ml Isi 6","75.700","125.400","40","6","Tokopedia","Deterjen Laundry","2024-01-28","Unilever Official Store"
"12194493109","Rinso Molto Perfume Essence Liquid 1.65L Isi 4","174.000","279.600","38","4","Tokopedia","Deterjen Laundry","2024-01-28","Unilever Official Store"
"12194493161","Wipol Pembersih Lantai Karbol Cemara Refill 410Ml Isi 6","55.200","83.400","34","6","Tokopedia","Karbol","2024-01-28","Unilever Official Store"
"12194493472","Lifebuoy Sabun Cuci Piring Refill 1500ml Isi 4","73.600","119.600","38","4","Tokopedia","Sabun Cuci Piring","2024-01-28","Unilever Official Store"
"12194493770","Molto Pelembut dan Pewangi Parfum Boost Japanese Peach 650ml Isi 6","123.000","197.400","38","6","Tokopedia","Pewangi Pelembut Pakaian","2024-01-28","Unilever Official Store"
"12194494309","Molto Softener Pelembut & Pewangi Pakaian Pure 720ml Isi 4","108.300","163.600","34","4","Tokopedia","Pewangi Pelembut Pakaian","2024-01-28","Unilever Official Store"
"12194494939","Superpell Pembersih Lantai Korean Strawberry 770ml Isi 6","83.700","125.400","33","6","Tokopedia","Pembersih Toilet","2024-01-28","Unilever Official Store"
"12194495324","BANGO LESS SUGAR 520ML KECAP RENDAH GULA Isi 4","90.000","159.600","44","4","Tokopedia","Kecap","2024-01-28","Unilever Official Store"
"12194495378","Sariwangi Teh Celup Hijau Isi 25 Isi 4","41.600","63.600","35","4","Tokopedia","Teh","2024-01-28","Unilever Official Store"
"12194495610","Royco Bumbu Kaldu Sapi 100G Isi 4","19.400","31.600","39","4","Tokopedia","Kaldu & Penyedap Rasa","2024-01-28","Unilever Official Store"
"12194495882","Rinso Molto Deterjen Bubuk Perfume Essence 770G Isi 6","140.456","233.400","40","6","Tokopedia","Deterjen Laundry","2024-01-28","Unilever Official Store"
"12194495973","Molto Pelembut & Pewangi Parfum Boost Casablanca Lily 650ml Isi 6","119.400","197.400","40","6","Tokopedia","Pewangi Pelembut Pakaian","2024-01-28","Unilever Official Store"
"12194496019","Royco Bumbu Komplit Krim Jagung 50G Isi 4","35.200","55.600","37","4","Tokopedia","Kaldu & Penyedap Rasa","2024-01-28","Unilever Official Store"
"12194496145","Molto Perfume Boost Pelembut & Pewangi Korean Strawberry 680ml Isi 6","131.700","197.400","33","6","Tokopedia","Pewangi Pelembut Pakaian","2024-01-28","Unilever Official Store"
"12194498399","Lifebuoy Sabun Cuci Piring Refill 680ml Isi 6","53.900","89.400","40","6","Tokopedia","Sabun Cuci Piring","2024-01-28","Unilever Official Store"
"12194500955","Rinso Molto Perfume Essence Liquid 1.65L Isi 6","260.900","419.400","38","6","Tokopedia","Deterjen Laundry","2024-01-28","Unilever Official Store"
"12194503512","Paket Higienis Rinso Kapsul Sakura Blossom 168g FREE Lunch Box","74.400","131.700","44","Box","Tokopedia","Deterjen Laundry","2024-01-28","Unilever Official Store"
"12194503569","Paket Higienis Rinso Kapsul Lavender Fresh 168g FREE Lunch Box","74.400","131.700","44","Box","Tokopedia","Deterjen Laundry","2024-01-28","Unilever Official Store"
"12194503925","Lifebuoy Sabun Cuci Piring Refill 1500ml Isi 6","110.300","179.400","39","6","Tokopedia","Sabun Cuci Piring","2024-01-28","Unilever Official Store"
"12194503967","Rinso Matic Cair Bukaan Depan 1.45L & Kapsul Lavender 168g FREE Molto","102.500","168.800","39","Molto","Tokopedia","Deterjen Laundry","2024-01-28","Unilever Official Store"
"12194504416","BANGO LESS SUGAR 520ML KECAP RENDAH GULA Isi 6","135.000","239.400","44","6","Tokopedia","Kecap","2024-01-28","Unilever Official Store"
"12194504450","Rinso Matic Cair Bukaan Depan 1.45L & Kapsul Sakura 168g FREE Molto","102.500","168.800","39","Molto","Tokopedia","Deterjen Laundry","2024-01-28","Unilever Official Store"
"12194504988","Sariwangi Teh Celup Hijau Isi 25 Isi 6","62.300","95.400","35","6","Tokopedia","Teh","2024-01-28","Unilever Official Store"
"12194505116","Royco Bumbu Kaldu Sapi 100G Isi 6","29.100","47.400","39","6","Tokopedia","Kaldu & Penyedap Rasa","2024-01-28","Unilever Official Store"
"12194505646","Royco Bumbu Komplit Krim Jagung 50G Isi 6","52.800","83.400","37","6","Tokopedia","Kaldu & Penyedap Rasa","2024-01-28","Unilever Official Store"
"12196472836","Citra Natural BS Glow SPF20 180ml Get Citra HBL Serum Fresh Glow 100ML","50.000","75.800","34","100ML","Tokopedia","Body Lotion","2024-01-28","Unilever Official Store"
"12196480986","Citra Natural BS Insta Glow 180ml Get CITRA HBL SERUM FRESH GLOW 100ML","50.000","75.800","34","100ML","Tokopedia","Body Lotion","2024-01-28","Unilever Official Store"
"12196487050","Citra BS Protect GlowSPF20 & Insta Glow180ML Get CITRA SERUM100ML","50.000","75.800","34","SERUM100ML","Tokopedia","Body Lotion","2024-01-28","Unilever Official Store"
"12196513335","Citra BS Protec GlowSPF20 & Fresh Glow180ml Get Citra Serum100ml","54.300","82.800","34","Serum100ml","Tokopedia","Body Lotion","2024-01-28","Unilever Official Store"
"12196518123","Citra BS Insta & Fresh Glow Aloe Bright 180ml Get Citra Serum100ml","54.300","82.800","34","Serum100ml","Tokopedia","Body Lotion","2024-01-28","Unilever Official Store"
"12216784568","Zwitsal Baby Bath Hair & Body Aloe Vera 200mL","20.300","32.900","38","200mL","Tokopedia","Shampoo & Sabun Bayi","2024-01-28","Unilever Official Store"
"12216784718","Zwitsal Baby Bath Hair & Body Milky Honey 200mL","20.300","32.900","38","200mL","Tokopedia","Shampoo & Sabun Bayi","2024-01-28","Unilever Official Store"
"12216784904","Zwitsal Baby Bath Hair & Body Antibac 200mL","20.300","32.900","38","200mL","Tokopedia","Shampoo & Sabun Bayi","2024-01-28","Unilever Official Store"
"12216784965","Zwitsal Baby Bath Hair & Body Antibac 400mL","32.300","52.900","39","400mL","Tokopedia","Shampoo & Sabun Bayi","2024-01-28","Unilever Official Store"
"12216784979","Zwitsal Baby Bath Telon 200mL","20.300","32.900","38","200mL","Tokopedia","Shampoo & Sabun Bayi","2024-01-28","Unilever Official Store"
"12216784989","FREE Clear Shampoo Complete Soft Care Xtra 20% 11ml","10.000.000","10.000.000","0","11ml","Tokopedia","Hampers","2024-01-28","Unilever Official Store"
"12223329491","Buy 2 Molto Pure Pewangi Pakaian Bayi 1.6L FREE Lunch Box","108.300","170.800","37","Box","Tokopedia","Pewangi Pelembut Pakaian","2024-01-28","Unilever Official Store"
"12223336389","Molto Perfume Beads Fresh Blossom 200G FREE Lunch Box","46.100","76.900","40","Box","Tokopedia","Pewangi Pelembut Pakaian","2024-01-28","Unilever Official Store"
"12223341661","Molto Perfume Beads Luxury Perfume Purple 200G FREE Lunch Box","46.100","76.900","40","Box","Tokopedia","Pewangi Pelembut Pakaian","2024-01-28","Unilever Official Store"
"12226721640","Zwitsal Baby Bath Hair & Body FREE 2 X Molto Pure 135ml","29.900","58.900","49","135ml","Tokopedia","Shampoo & Sabun Bayi","2024-01-28","Unilever Official Store"
"12234632450","Zwitsal Baby Bath Hair & Body Aloe Vera 400mL","32.300","52.900","39","400mL","Tokopedia","Shampoo & Sabun Bayi","2024-01-28","Unilever Official Store"
"12243523413","Vaseline Lip Care color+care 3gr Tinted Lip Balm Blooming  Pink","58.500","81.900","29","Pink","Tokopedia","Lip Balm & Oil","2024-01-28","Unilever Official Store"
"12246873210","FREE Baskom serbaguna - Sunlight","10.000.000","10.000.000","0","Sunlight","Tokopedia","Hampers","2024-01-28","Unilever Official Store"
"12246873240","FREE Talenan - Lifebuoy Dishwash","10.000.000","10.000.000","0","Dishwash","Tokopedia","Hampers","2024-01-28","Unilever Official Store"
"12246873402","FREE Cetakan es batu - Sariwangi","10.000.000","10.000.000","0","Sariwangi","Tokopedia","Hampers","2024-01-28","Unilever Official Store"
"12249740450","Zwitsal Baby Bath 2 In 1 Hair Body Aloe Vera 450Ml Free 1 Minyak 1 L","137.800","137.800","0","L","Tokopedia","Shampoo & Sabun Bayi","2024-01-28","Unilever Official Store"
"12250132944","Zwitsal Baby Natural Set Spa Gift Box 1Pc isi 2 Free Toples Zwitsal","224.000","389.800","43","Zwitsal","Tokopedia","Shampoo & Sabun Bayi","2024-01-28","Unilever Official Store"
"12250132998","Vaselineâ€‹ Gluta Dewy Radiance 330Ml Free Tresemme Shampoo 170Ml","129.000","272.150","53","170Ml","Tokopedia","Body Lotion","2024-01-28","Unilever Official Store"
"12250133008","Sunlight Power Spray Pencuci Piring 300ml","24.900","41.900","41","300ml","Tokopedia","Sabun Cuci Piring","2024-01-28","Unilever Official Store"
"12250133427","Vaseline Dewy Radiance + Flawless Bright 330ml Free Dove 85ml","129.800","245.800","47","85ml","Tokopedia","Body Lotion","2024-01-28","Unilever Official Store"
"12250133535","Vaselineâ€‹ Gluta Dewy Radiance 330Ml Free Dove Super Shampoo 125ml","129.000","259.800","50","125ml","Tokopedia","Body Lotion","2024-01-28","Unilever Official Store"
"12250133569","[Buy 3 Get Sunlight700ml]Sunlight Sabun Cuci Piring Extra Lembut 650ml","37.700","85.700","56","650ml","Tokopedia","Sabun Cuci Piring","2024-01-28","Unilever Official Store"
"12250133600","Vaselineâ€‹ Gluta Dewy Radiance 330Ml Free Love Beauty Planet100ml","64.500","117.900","45","Planet100ml","Tokopedia","Body Lotion","2024-01-28","Unilever Official Store"
"12250133636","Buy 1 Sunlight Sabun Cuci Piring Extra Lembut 650ml Get Sunlight 210ml","12.600","28.900","56","210ml","Tokopedia","Sabun Cuci Piring","2024-01-28","Unilever Official Store"
"12250133657","Vaselineâ€‹ Gluta Dewy Radiance 330Ml Free Tresemme Conditioner 340Ml","129.000","306.000","58","340Ml","Tokopedia","Body Lotion","2024-01-28","Unilever Official Store"
"12250133718","Lux Body Mist Lotus & Honey 100ml isi 2 Free Lux Bluebell 400ml","80.000","111.800","28","400ml","Tokopedia","Sabun Mandi","2024-01-28","Unilever Official Store"
"12250133728","Ponds AM Ultimate Renew Essence 110ml Free Ponds Cleanser 100gr","184.100","346.800","47","100gr","Tokopedia","Body Lotion","2024-01-28","Unilever Official Store"
"12250133736","Love Beauty & Planet Angelica soft Shampoo 380ml FREE BM Lavender100ml","94.400","140.900","33","Lavender100ml","Tokopedia","Shampoo","2024-01-28","Unilever Official Store"
"12250133882","Buy 6 Vixal Kuat Segar Pouch 600ml FREE Lock & Lock Bottle 1.5L","81.600","173.400","53","1.5L","Tokopedia","Karbol","2024-01-28","Unilever Official Store"
"12250133900","Buy 4 Vixal Kuat Segar Pouch 600ml FREE Keranjang Baju","54.400","103.400","47","Baju","Tokopedia","Karbol","2024-01-28","Unilever Official Store"
"12250133928","Buy 2 Vixal Kuat Segar Pouch 600ml FREE Kain Microfiber","27.200","43.299","37","Microfiber","Tokopedia","Karbol","2024-01-28","Unilever Official Store"
"12250133948","Buy 1 Vixal Kuat Segar Pouch 600ml FREE Spons","13.600","22.900","41","Spons","Tokopedia","Karbol","2024-01-28","Unilever Official Store"
"12250133978","Vixal Kuat Segar Pouch 180ml Isi 4","18.700","27.600","32","4","Tokopedia","Karbol","2024-01-28","Unilever Official Store"
"12250134015","Vixal Kuat Segar Pouch 180ml Isi 6","28.000","41.400","32","6","Tokopedia","Karbol","2024-01-28","Unilever Official Store"
"12250134019","Vixal Kuat Segar Pouch 180ml","4.800","6.900","30","180ml","Tokopedia","Karbol","2024-01-28","Unilever Official Store"
"12250134026","Vixal Kuat Segar Pouch 600ml Twin Pack","23.700","41.800","43","Pack","Tokopedia","Pembersih Toilet","2024-01-28","Unilever Official Store"
"12250134038","Vixal Kuat Segar Pouch 600ml Isi 4","54.400","83.600","35","4","Tokopedia","Pembersih Toilet","2024-01-28","Unilever Official Store"
"12250134043","Vixal Kuat Segar Pouch 600ml","13.600","20.900","35","600ml","Tokopedia","Pembersih Toilet","2024-01-28","Unilever Official Store"
"12250134050","Vixal Kuat Segar Pouch 600ml Isi 6","71.100","125.400","43","6","Tokopedia","Karbol","2024-01-28","Unilever Official Store"
"12250134097","Vixal Kuat Segar Isi 2 &Molto Beads Perfume Purple 200g FREE LocknLock","119.400","229.600","48","LocknLock","Tokopedia","Karbol","2024-01-28","Unilever Official Store"
"12250134155","Vixal Kuat Segar 600ml & Molto Pewangi Pure 1600ml FREE Food Storage","81.500","123.700","34","Storage","Tokopedia","Karbol","2024-01-28","Unilever Official Store"
"12250134247","Lifebuoy 3-in-1 BW Shampoo Handwash 300ml Free Pepsodent Nanosoft","33.900","89.100","62","Nanosoft","Tokopedia","Shampoo","2024-01-28","Unilever Official Store"
"12250134298","Lifebuoy 3-in-1 BW Shampoo Handwash 300ml Free LUX BW BLUEBELL 400ml","67.700","133.800","49","400ml","Tokopedia","Shampoo","2024-01-28","Unilever Official Store"
"12250134544","Lifebuoy 3-in-1 BW Shampoo Handwash 300ml Free LIFEBUOY MILDCARE 180ML","67.700","133.800","49","180ML","Tokopedia","Sabun Cuci Tangan","2024-01-28","Unilever Official Store"
"12250134668","Sariwangi 50s+ Jahe Kunyit 25s+ Buavita Guava 500ml FREE Sariwangi 30s","34.600","53.700","36","30s","Tokopedia","Jus","2024-01-28","Unilever Official Store"
"12250134732","Lifebuoy 3-in-1 BW Shampoo Handwash 300ml Free CLOSEUP GREEN 160GR","67.700","133.800","49","160GR","Tokopedia","Shampoo","2024-01-28","Unilever Official Store"
"12250134747","Buavita Guava 1L+KoreanPeach 245ml+Sariwangi 20s FREE BuavitaApel500ml","47.400","87.700","46","BuavitaApel500ml","Tokopedia","Jus","2024-01-28","Unilever Official Store"
"12250134764","Vixal Kuat Segar Pouch 180ml Twin Pack","9.400","13.800","32","Pack","Tokopedia","Karbol","2024-01-28","Unilever Official Store"
"12250134772","Ponds AM Essence 50ml + Berry Glow Mask 8g isi 3 FREE ShopatVelvet Bag","133.200","245.600","46","Bag","Tokopedia","Body Lotion","2024-01-28","Unilever Official Store"
"12250134814","Lifebuoy Bodywash Total 10 Bottle 250ml","34.500","55.900","38","250ml","Tokopedia","Sabun Mandi","2024-01-28","Unilever Official Store"
"12250134815","Ponds UV Protect Sunserum SPF50 Bottle 30g","124.200","180.900","31","30g","Tokopedia","Sunblock wajah","2024-01-28","Unilever Official Store"
"12250134875","Lifebuoy Bodywash Lemon Fresh Bottle 250ml","34.500","55.900","38","250ml","Tokopedia","Sabun Mandi","2024-01-28","Unilever Official Store"
"12250134881","Citra Hand Body Lotion Serum Complete Glow 100ml","12.000","20.900","43","100ml","Tokopedia","Body Lotion","2024-01-28","Unilever Official Store"
"12250134886","Clear Shampoo Anti Ketombe & Anti Rontok 160ml","31.500","45.900","31","160ml","Tokopedia","Shampoo","2024-01-28","Unilever Official Store"
"12250134897","Vaseline Lip Care color+care 3gr Tinted Lip Balm Kissing Red","58.500","81.900","29","Red","Tokopedia","Lip Balm & Oil","2024-01-28","Unilever Official Store"
"12250134931","Clear Shampoo Anti Ketombe & Anti Rontok 300ml","53.100","77.900","32","300ml","Tokopedia","Shampoo","2024-01-28","Unilever Official Store"
"12250134933","Zwitsal Baby Bath 2 In 1 Aloe Vera450Ml Free Pepsodent Kids Extra Soft","59.800","126.800","53","Soft","Tokopedia","Shampoo & Sabun Bayi","2024-01-28","Unilever Official Store"
"12250134939","Clear Shampoo Anti Ketombe & Anti Rontok 660ml","90.000","130.900","31","660ml","Tokopedia","Shampoo","2024-01-28","Unilever Official Store"
"12250134941","Vaseline Lip Care color+care 3gr Tinted Lip Balm Mellow Rose","58.500","81.900","29","Rose","Tokopedia","Lip Balm & Oil","2024-01-28","Unilever Official Store"
"12250134971","Zwitsal Baby Bath 2 In 1 Aloe Vera 450Ml Free Lifebuoy Matcha 450Ml","59.800","117.800","49","450Ml","Tokopedia","Shampoo & Sabun Bayi","2024-01-28","Unilever Official Store"
"12263772973","Ponds Age Miracle Ultimate Hydra Essence 110ml FREE Ponds Silcot","184.100","276.900","34","Silcot","Tokopedia","Body Lotion","2024-01-28","Unilever Official Store"
"12263773194","Vaseline Gluta Overnight 330ml + Soft Glow 180ml Free Shampoo 170ml","93.500","206.150","55","170ml","Tokopedia","Body Lotion","2024-01-28","Unilever Official Store"
"12263773447","Vaseline Gluta Flawless Bright 200ml + Soft Glow 180ml","76.600","138.800","45","180ml","Tokopedia","Body Lotion","2024-01-28","Unilever Official Store"
"12263773536","[Isi6] Vaseline Healthy Brightâ€‹ Gluta Serum Lotion Flawess + Dewy200ml","283.900","515.400","45","Dewy200ml","Tokopedia","Body Lotion","2024-01-28","Unilever Official Store"
"12263773634","Vaseline Gluta Dewy Radiance 200ml + Soft Glow 180ml","76.600","138.800","45","180ml","Tokopedia","Body Lotion","2024-01-28","Unilever Official Store"
"12263773641","Lifebuoy Lemon Fresh 825ml FREE Clear Shampoo Xtra 20% 11ml (2 varian)","36.000","65.900","45","varian)","Tokopedia","Sabun Mandi","2024-01-28","Unilever Official Store"
"12263773691","Lifebouy BW Lemon Refill825ml Get Clear Shp Anti Ktombe rontok 11ml","36.000","64.900","45","11ml","Tokopedia","Sabun Mandi","2024-01-28","Unilever Official Store"
"12263773919","Vaseline Gluta Flawless Bright 330ml + Gluta Dewy Radiance 200ml","112.200","203.800","45","200ml","Tokopedia","Body Lotion","2024-01-28","Unilever Official Store"
"12263773982","Vaseline Gluta Dewy Radiance 200ml + UV Extra Brigthening 200Ml","73.400","129.800","43","200Ml","Tokopedia","Body Lotion","2024-01-28","Unilever Official Store"
"12263774006","Ponds Age Miracle Facial Treatment Cleanser 100g FREE Ponds Eye Mask","64.300","121.650","47","Mask","Tokopedia","Body Lotion","2024-01-28","Unilever Official Store"
"12263774062","Vaselineâ€‹ Gluta Flawless Bright 330ml isi 2 + Body Serum 180Ml","159.000","288.700","45","180Ml","Tokopedia","Body Lotion","2024-01-28","Unilever Official Store"
"12263774139","Vaseline Gluta Flawless Bright 220ml + Lip Care Rosy Tinted 10g","73.800","133.800","45","10g","Tokopedia","Lip Balm & Oil","2024-01-28","Unilever Official Store"
"12263774548","Citra HBL Cmplte Glow 180ml isi 2 FREE Citra HBL Fresh Glow 100ml","50.000","75.800","34","100ml","Tokopedia","Body Lotion","2024-01-28","Unilever Official Store"
"12330058563","FREE Oven Listrik - Sunlight Spray","10.000.000","10.000.000","0","Spray","Tokopedia","Hampers","2024-01-28","Unilever Official Store"
"12330058645","FREE Salad Spinner - Sunlight Spray","10.000.000","10.000.000","0","Spray","Tokopedia","Hampers","2024-01-28","Unilever Official Store"
"12330058651","FREE Molto Pink 250ml","10.000.000","10.000.000","0","250ml","Tokopedia","Hampers","2024-01-28","Unilever Official Store"
"12330058689","FREE Payung Wipol","10.000.000","10.000.000","0","Wipol","Tokopedia","Hampers","2024-01-28","Unilever Official Store"
"12330058821","FREE Baskom Cuci Sayur Buah - Sunlight Spray","10.000.000","10.000.000","0","Spray","Tokopedia","Hampers","2024-01-28","Unilever Official Store"
"12330058847","FREE Rak Piring Lipat - Sunlight Spray","10.000.000","10.000.000","0","Spray","Tokopedia","Hampers","2024-01-28","Unilever Official Store"
"12383259988","Royco Kaldu Ayam 220gr 3pcs [BUMBU RAMEN KUAH PEDAS]","28.300","44.700","37","PEDAS]","Tokopedia","Kaldu & Penyedap Rasa","2024-01-28","Unilever Official Store"
"12450293179","[Buy 2 Get 2] Lifebuoy Sabun Cair dan Mandi Antiseptik Total 10 825ml","107.300","179.800","40","825ml","Tokopedia","Sabun Mandi","2024-01-28","Unilever Official Store"
"12460401262","Sunlight Power Spray 300ml Twinpack FREE Set Makan","48.100","98.800","51","Makan","Tokopedia","Sabun Cuci Piring","2024-01-28","Unilever Official Store"
"12460407955","Sunlight Power Spray 300ml Triplepack FREE Botol Minum 2L","72.100","155.700","54","2L","Tokopedia","Sabun Cuci Piring","2024-01-28","Unilever Official Store"
"12460416787","Sunlight Power Spray 300ml Multipack FREE Rak Piring Lipat","96.100","207.600","54","Lipat","Tokopedia","Sabun Cuci Piring","2024-01-28","Unilever Official Store"
"12460421429","Sunlight Power Spray 300ml Multipack FREE Salad Spinner","144.100","311.400","54","Spinner","Tokopedia","Sabun Cuci Piring","2024-01-28","Unilever Official Store"
"12462669957","Sunlight Power Spray Pencuci Piring 300ml Twinpack - isi 2","49.800","83.800","41","2","Tokopedia","Sabun Cuci Piring","2024-01-28","Unilever Official Store"
"12462673794","Sunlight Power Spray Pencuci Piring 300ml isi 4","99.600","167.600","41","4","Tokopedia","Sabun Cuci Piring","2024-01-28","Unilever Official Store"
"12462675585","Sunlight Power Spray Pencuci Piring 300ml isi 6","149.400","251.400","41","6","Tokopedia","Sabun Cuci Piring","2024-01-28","Unilever Official Store"
"12469519227","Vixal Kuat Segar Pouch 600ml isi 3 Free Lunch Box","40.800","77.700","47","Box","Tokopedia","Pembersih Toilet","2024-01-28","Unilever Official Store"
"12575560701","Royco Kaldu Ayam 220gr 3pcs Free Voucher VIU","28.300","64.700","56","VIU","Tokopedia","Kaldu & Penyedap Rasa","2024-01-28","Unilever Official Store"
"12601843952","Clear Shampoo Anti Ketombe Soft Care 70ml isi 2 Free Lunch Box","27.700","48.800","43","Box","Tokopedia","Shampoo","2024-01-28","Unilever Official Store"
"12601845404","Love Beauty & Planet Body Mist Rose & Coconut 100ml Free Botol 1,5L","79.900","167.900","52","1.5L","Tokopedia","Sabun Mandi","2024-01-28","Unilever Official Store"
"12601845716","Love Beauty&Planet Body Mist Lavender&Vanilla 100ml Free Food Storage","79.900","119.900","33","Storage","Tokopedia","Sabun Mandi","2024-01-28","Unilever Official Store"
"12601845811","Rinso Detergent Kapsul Lavender Fresh 168g isi 2 Free Minyak 1L","80.900","154.300","48","1L","Tokopedia","Deterjen Laundry","2024-01-28","Unilever Official Store"
"12601846290","Vaseline Healthy Bright Lotion Dewy Radiance 200ml isi 2 Free Gula 1kg","94.700","189.800","50","1kg","Tokopedia","Body Lotion","2024-01-28","Unilever Official Store"
"12601846481","Vaseline Gluta Lotion Flawless Bright 330ml isi 2 Free Lunch Box","129.800","242.800","47","Box","Tokopedia","Body Lotion","2024-01-28","Unilever Official Store"
"12601846531","Vaseline Healthy Bright Serum Overnight 330ml isi 2 Free Food Storage","128.300","233.800","45","Storage","Tokopedia","Body Lotion","2024-01-28","Unilever Official Store"
"12622213502","Sunlight Power Spray 300ml isi 2 FREE Gula 500gr","48.100","103.800","54","500gr","Tokopedia","Sabun Cuci Piring","2024-01-28","Unilever Official Store"
"12622216474","Sunlight Power Spray 300ml isi 2 FREE Minyak 1 kg","48.100","103.800","54","kg","Tokopedia","Sabun Cuci Piring","2024-01-28","Unilever Official Store"
"12622219916","Sunlight Power Spray 300ml isi 3 FREE Lunch Box","72.100","132.700","46","Box","Tokopedia","Sabun Cuci Piring","2024-01-28","Unilever Official Store"
"12622223126","Sunlight Power Spray 300ml isi 2 FREE Food Storage","48.100","113.800","58","Storage","Tokopedia","Sabun Cuci Piring","2024-01-28","Unilever Official Store"
